Country Name,Country Code,"2022 [YR2022] - Population, total [SP.POP.TOTL]","2023 [YR2023] - Population, total [SP.POP.TOTL]","2024 [YR2024] - Population, total [SP.POP.TOTL]","2025 [YR2025] - Population, total [SP.POP.TOTL]","2026 [YR2026] - Population, total [SP.POP.TOTL]","2027 [YR2027] - Population, total [SP.POP.TOTL]","2028 [YR2028] - Population, total [SP.POP.TOTL]","2029 [YR2029] - Population, total [SP.POP.TOTL]","2030 [YR2030] - Population, total [SP.POP.TOTL]","2031 [YR2031] - Population, total [SP.POP.TOTL]","2032 [YR2032] - Population, total [SP.POP.TOTL]","2033 [YR2033] - Population, total [SP.POP.TOTL]","2034 [YR2034] - Population, total [SP.POP.TOTL]","2035 [YR2035] - Population, total [SP.POP.TOTL]","2036 [YR2036] - Population, total [SP.POP.TOTL]","2037 [YR2037] - Population, total [SP.POP.TOTL]","2038 [YR2038] - Population, total [SP.POP.TOTL]","2039 [YR2039] - Population, total [SP.POP.TOTL]","2040 [YR2040] - Population, total [SP.POP.TOTL]","2041 [YR2041] - Population, total [SP.POP.TOTL]","2042 [YR2042] - Population, total [SP.POP.TOTL]","2043 [YR2043] - Population, total [SP.POP.TOTL]","2044 [YR2044] - Population, total [SP.POP.TOTL]","2045 [YR2045] - Population, total [SP.POP.TOTL]","2046 [YR2046] - Population, total [SP.POP.TOTL]","2047 [YR2047] - Population, total [SP.POP.TOTL]","2048 [YR2048] - Population, total [SP.POP.TOTL]","2049 [YR2049] - Population, total [SP.POP.TOTL]","2050 [YR2050] - Population, total [SP.POP.TOTL]"
Afghanistan,AFG,40754000,41681000,42609000,43532000,44449000,45364000,46275000,47185000,48094000,49000000,49904000,50804000,51699000,52587000,53469000,54343000,55209000,56065000,56912000,57748000,58574000,59387000,60188000,60974000,61746000,62503000,63245000,63972000,64683000
Africa Eastern and Southern,AFE,712311000,730197000,748355000,766798000,785527000,804533000,823801000,843314000,863050000,883012000,903185000,923554000,944106000,964824000,985693000,1006710000,1027862000,1049150000,1070559000,1092092000,1113726000,1135459000,1157272000,1179157000,1201096000,1223089000,1245123000,1267186000,1289282000
Africa Western and Central,AFW,483203000,495715000,508457000,521426000,534628000,548057000,561708000,575580000,589662000,603958000,618460000,633162000,648061000,663151000,678423000,693877000,709496000,725277000,741208000,757279000,773484000,789816000,806260000,822806000,839444000,856170000,872979000,889863000,906826000
Albania,ALB,2804000,2796000,2787000,2778000,2768000,2758000,2748000,2738000,2727000,2715000,2703000,2690000,2676000,2660000,2644000,2627000,2609000,2590000,2570000,2550000,2529000,2509000,2487000,2466000,2444000,2422000,2401000,2379000,2356000
Algeria,DZA,45350000,46053000,46731000,47388000,48022000,48634000,49226000,49801000,50361000,50908000,51444000,51971000,52494000,53016000,53537000,54059000,54583000,55110000,55640000,56174000,56711000,57250000,57789000,58326000,58859000,59388000,59911000,60423000,60923000
American Samoa,ASM,55000,55000,55000,55000,55000,55000,55000,55000,55000,55000,55000,55000,55000,55000,54000,54000,54000,54000,54000,54000,54000,54000,54000,54000,54000,54000,54000,54000,54000
Andorra,AND,77000,78000,78000,78000,78000,78000,78000,78000,78000,78000,78000,78000,78000,78000,78000,78000,78000,78000,78000,78000,78000,78000,77000,77000,77000,77000,77000,76000,76000
Angola,AGO,35027000,36149000,37299000,38478000,39688000,40929000,42200000,43502000,44835000,46198000,47593000,49017000,50471000,51953000,53462000,55000000,56566000,58160000,59782000,61432000,63110000,64814000,66544000,68298000,70075000,71877000,73701000,75549000,77420000
Antigua and Barbuda,ATG,100000,100000,101000,102000,102000,103000,104000,104000,105000,105000,106000,106000,107000,107000,108000,108000,108000,109000,109000,109000,110000,110000,110000,110000,110000,111000,111000,111000,111000
Arab World,ARB,453132000,461824000,470463000,478949000,487244000,495379000,503381000,511290000,519145000,526944000,534679000,542372000,550054000,557743000,565445000,573159000,580875000,588583000,596267000,603926000,611559000,619157000,626709000,634207000,641636000,649003000,656297000,663517000,670652000
Argentina,ARG,46210000,46607000,47000000,47387000,47769000,48145000,48515000,48879000,49237000,49588000,49932000,50270000,50601000,50925000,51244000,51556000,51861000,52161000,52454000,52740000,53019000,53293000,53559000,53819000,54073000,54320000,54561000,54795000,55020000
Armenia,ARM,2972000,2975000,2977000,2977000,2977000,2976000,2974000,2971000,2967000,2963000,2958000,2952000,2947000,2940000,2934000,2927000,2920000,2913000,2905000,2897000,2890000,2882000,2873000,2865000,2856000,2846000,2837000,2827000,2816000
Aruba,ABW,108000,108000,108000,109000,109000,109000,110000,110000,110000,110000,111000,111000,111000,111000,111000,111000,111000,111000,111000,111000,111000,110000,110000,110000,110000,109000,109000,109000,109000
Australia,AUS,26010000,26278000,26542000,26803000,27062000,27317000,27569000,27817000,28062000,28303000,28541000,28776000,29009000,29239000,29466000,29692000,29916000,30139000,30362000,30583000,30805000,31025000,31246000,31466000,31687000,31907000,32127000,32347000,32564000
Austria,AUT,8970000,8978000,8985000,8995000,9007000,9020000,9034000,9047000,9058000,9067000,9075000,9081000,9086000,9089000,9091000,9092000,9090000,9087000,9082000,9075000,9067000,9056000,9045000,9032000,9018000,9003000,8987000,8972000,8955000
Azerbaijan,AZE,10220000,10289000,10353000,10412000,10467000,10519000,10567000,10612000,10654000,10695000,10733000,10770000,10805000,10837000,10868000,10895000,10919000,10941000,10958000,10972000,10982000,10988000,10990000,10989000,10985000,10979000,10970000,10959000,10944000
"Bahamas, The",BHS,401000,404000,408000,411000,414000,418000,421000,424000,427000,430000,432000,435000,438000,440000,442000,445000,447000,449000,450000,452000,454000,455000,457000,458000,459000,460000,462000,462000,463000
Bahrain,BHR,1784000,1812000,1838000,1865000,1895000,1926000,1957000,1986000,2013000,2038000,2060000,2081000,2100000,2119000,2137000,2154000,2170000,2185000,2200000,2214000,2227000,2240000,2253000,2265000,2276000,2287000,2297000,2307000,2316000
Bangladesh,BGD,167886000,169432000,170937000,172399000,173814000,175180000,176498000,177769000,178994000,180171000,181300000,182377000,183403000,184374000,185291000,186152000,186960000,187715000,188417000,189066000,189663000,190208000,190701000,191142000,191532000,191871000,192157000,192390000,192568000
Barbados,BRB,288000,288000,289000,289000,289000,289000,289000,289000,289000,289000,289000,289000,289000,289000,289000,288000,288000,287000,287000,286000,285000,284000,283000,283000,282000,280000,279000,278000,277000
Belarus,BLR,9328000,9313000,9296000,9277000,9257000,9236000,9213000,9188000,9160000,9130000,9098000,9064000,9027000,8989000,8951000,8912000,8873000,8836000,8800000,8765000,8731000,8698000,8667000,8636000,8606000,8577000,8549000,8523000,8496000
Belgium,BEL,11618000,11647000,11676000,11705000,11735000,11764000,11792000,11818000,11842000,11864000,11885000,11904000,11922000,11939000,11956000,11971000,11986000,12000000,12013000,12026000,12037000,12047000,12057000,12065000,12072000,12078000,12084000,12089000,12093000
Belize,BLZ,412000,419000,427000,434000,441000,448000,454000,461000,468000,474000,480000,487000,493000,499000,504000,510000,516000,521000,526000,531000,536000,541000,546000,550000,555000,559000,563000,567000,571000
Benin,BEN,12785000,13124000,13470000,13822000,14180000,14544000,14915000,15291000,15672000,16060000,16453000,16851000,17254000,17663000,18076000,18494000,18917000,19344000,19775000,20210000,20649000,21091000,21537000,21986000,22439000,22895000,23354000,23816000,24280000
Bermuda,BMU,..,..,..,..,..,..,..,..,..,..,..,..,..,..,..,..,..,..,..,..,..,..,..,..,..,..,..,..,..
Bhutan,BTN,788000,796000,803000,811000,818000,824000,831000,837000,843000,848000,853000,858000,863000,867000,871000,875000,879000,882000,885000,888000,891000,893000,895000,897000,899000,901000,902000,904000,905000
Bolivia,BOL,11993000,12152000,12311000,12468000,12625000,12781000,12936000,13089000,13240000,13390000,13538000,13684000,13828000,13971000,14111000,14250000,14387000,14521000,14653000,14783000,14910000,15035000,15157000,15277000,15395000,15510000,15623000,15733000,15840000
Bosnia and Herzegovina,BIH,3249000,3237000,3225000,3212000,3197000,3181000,3163000,3145000,3127000,3108000,3089000,3070000,3050000,3030000,3009000,2988000,2967000,2945000,2923000,2901000,2878000,2855000,2831000,2808000,2784000,2759000,2735000,2710000,2685000
Botswana,BWA,2441000,2484000,2526000,2568000,2610000,2651000,2693000,2734000,2774000,2815000,2855000,2895000,2935000,2975000,3014000,3053000,3092000,3130000,3168000,3205000,3242000,3278000,3313000,3348000,3382000,3415000,3447000,3479000,3510000
Brazil,BRA,215354000,216642000,217863000,219021000,220115000,221143000,222107000,223009000,223852000,224636000,225362000,226029000,226636000,227184000,227672000,228103000,228477000,228795000,229059000,229269000,229427000,229534000,229593000,229605000,229570000,229491000,229366000,229196000,228980000
British Virgin Islands,VGB,31000,31000,31000,31000,31000,31000,32000,32000,32000,32000,32000,32000,32000,32000,32000,32000,32000,32000,32000,32000,32000,32000,32000,32000,32000,32000,32000,32000,32000
Brunei Darussalam,BRN,445000,449000,453000,456000,459000,463000,466000,468000,471000,473000,476000,478000,480000,482000,483000,485000,486000,488000,489000,490000,491000,491000,492000,492000,493000,493000,493000,493000,492000
Bulgaria,BGR,6846000,6793000,6740000,6686000,6631000,6576000,6520000,6463000,6406000,6349000,6292000,6236000,6179000,6124000,6070000,6016000,5963000,5911000,5860000,5810000,5760000,5712000,5664000,5616000,5569000,5523000,5476000,5430000,5383000
Burkina Faso,BFA,22103000,22721000,23352000,23995000,24652000,25321000,26003000,26698000,27404000,28122000,28852000,29593000,30344000,31106000,31878000,32658000,33448000,34246000,35051000,35863000,36682000,37507000,38339000,39176000,40018000,40866000,41718000,42574000,43432000
Burundi,BDI,12625000,12999000,13379000,13764000,14155000,14551000,14952000,15360000,15773000,16192000,16618000,17049000,17487000,17932000,18383000,18841000,19305000,19776000,20253000,20736000,21226000,21721000,22222000,22728000,23239000,23754000,24274000,24798000,25325000
Cabo Verde,CPV,568000,573000,579000,584000,590000,595000,600000,605000,610000,615000,620000,624000,629000,633000,637000,641000,645000,649000,652000,656000,659000,662000,665000,668000,671000,673000,675000,677000,679000
Cambodia,KHM,17169000,17386000,17598000,17806000,18009000,18207000,18402000,18593000,18781000,18967000,19150000,19331000,19509000,19686000,19860000,20031000,20200000,20366000,20527000,20683000,20835000,20982000,21124000,21261000,21392000,21518000,21638000,21753000,21861000
Cameroon,CMR,27912000,28608000,29315000,30032000,30759000,31497000,32244000,33001000,33766000,34540000,35323000,36115000,36915000,37722000,38538000,39362000,40193000,41030000,41873000,42723000,43578000,44437000,45302000,46172000,47046000,47924000,48806000,49689000,50573000
Canada,CAN,38557000,38864000,39170000,39473000,39773000,40069000,40360000,40645000,40925000,41200000,41469000,41731000,41986000,42234000,42475000,42709000,42937000,43159000,43376000,43588000,43795000,43999000,44201000,44401000,44601000,44801000,45002000,45207000,45410000
Caribbean small states,CSS,7520000,7555000,7589000,7622000,7651000,7679000,7703000,7728000,7751000,7769000,7787000,7803000,7817000,7828000,7838000,7845000,7852000,7853000,7854000,7852000,7851000,7845000,7840000,7833000,7823000,7808000,7798000,7782000,7765000
Cayman Islands,CYM,67000,68000,69000,70000,70000,71000,72000,73000,73000,74000,75000,75000,76000,77000,77000,78000,79000,79000,80000,81000,81000,82000,82000,83000,83000,84000,84000,84000,85000
Central African Republic,CAF,5017000,5119000,5227000,5338000,5454000,5572000,5694000,5817000,5942000,6068000,6195000,6323000,6450000,6577000,6704000,6831000,6956000,7081000,7205000,7329000,7451000,7573000,7693000,7813000,7933000,8051000,8169000,8285000,8401000
Central Europe and the Baltics,CEB,101366000,101069000,100756000,100426000,100072000,99695000,99300000,98878000,98443000,97989000,97515000,97033000,96533000,96029000,95518000,95003000,94492000,93980000,93476000,92977000,92488000,92006000,91529000,91062000,90600000,90142000,89683000,89223000,88744000
Chad,TCD,17414000,17921000,18437000,18961000,19491000,20030000,20576000,21129000,21690000,22259000,22834000,23415000,24003000,24597000,25196000,25800000,26409000,27024000,27643000,28267000,28895000,29528000,30164000,30802000,31444000,32088000,32734000,33382000,34031000
Channel Islands,CHI,176000,178000,179000,180000,181000,182000,183000,184000,185000,186000,187000,188000,189000,190000,190000,191000,192000,193000,194000,194000,195000,196000,196000,197000,197000,198000,198000,199000,199000
Chile,CHL,19250000,19249000,19239000,19241000,19260000,19293000,19338000,19394000,19458000,19533000,19618000,19710000,19798000,19879000,19950000,20012000,20066000,20114000,20157000,20195000,20228000,20256000,20279000,20297000,20310000,20319000,20323000,20323000,20319000
China,CHN,1416216000,1419624000,1422533000,1424932000,1426839000,1428283000,1429300000,1429919000,1430161000,1430026000,1429506000,1428591000,1427276000,1425575000,1423522000,1421161000,1418531000,1415656000,1412538000,1409155000,1405474000,1401471000,1397133000,1392450000,1387415000,1382030000,1376302000,1370249000,1363681000
Colombia,COL,51513000,51673000,51820000,52007000,52249000,52530000,52835000,53136000,53417000,53674000,53914000,54139000,54350000,54549000,54735000,54906000,55062000,55206000,55336000,55454000,55558000,55650000,55730000,55797000,55853000,55897000,55930000,55950000,55958000
Comoros,COM,907000,926000,946000,965000,984000,1004000,1024000,1043000,1063000,1083000,1103000,1123000,1143000,1164000,1184000,1205000,1225000,1246000,1266000,1287000,1308000,1328000,1349000,1370000,1390000,1411000,1431000,1452000,1472000
"Congo, Dem. Rep.",COD,95241000,98152000,101115000,104134000,107206000,110332000,113514000,116751000,120047000,123400000,126808000,130270000,133780000,137337000,140936000,144577000,148257000,151974000,155725000,159508000,163320000,167158000,171018000,174895000,178788000,182695000,186614000,190546000,194489000
"Congo, Rep.",COG,5798000,5941000,6086000,6235000,6386000,6540000,6697000,6857000,7020000,7185000,7353000,7523000,7696000,7871000,8048000,8228000,8409000,8592000,8777000,8963000,9151000,9341000,9532000,9724000,9917000,10112000,10308000,10504000,10702000
Costa Rica,CRI,5182000,5224000,5264000,5302000,5339000,5373000,5406000,5438000,5468000,5497000,5524000,5550000,5575000,5598000,5620000,5640000,5659000,5676000,5692000,5706000,5719000,5731000,5741000,5749000,5757000,5763000,5767000,5771000,5773000
Cote d'Ivoire,CIV,27742000,28444000,29160000,29888000,30630000,31384000,32150000,32926000,33713000,34508000,35313000,36127000,36950000,37783000,38625000,39476000,40337000,41206000,42083000,42969000,43862000,44764000,45673000,46589000,47511000,48441000,49376000,50317000,51264000
Croatia,HRV,3877000,3857000,3836000,3815000,3793000,3771000,3748000,3725000,3702000,3679000,3655000,3631000,3606000,3581000,3555000,3530000,3504000,3478000,3452000,3427000,3401000,3376000,3350000,3325000,3299000,3274000,3249000,3224000,3198000
Cuba,CUB,11306000,11291000,11275000,11257000,11237000,11216000,11193000,11169000,11142000,11114000,11084000,11052000,11017000,10981000,10942000,10901000,10858000,10813000,10765000,10715000,10662000,10608000,10551000,10492000,10430000,10367000,10301000,10233000,10162000
Curacao,CUW,153000,154000,154000,155000,156000,156000,157000,157000,158000,158000,158000,159000,159000,160000,160000,160000,160000,161000,161000,161000,161000,161000,161000,161000,161000,161000,162000,162000,162000
Cyprus,CYP,1223000,1231000,1238000,1245000,1251000,1257000,1263000,1269000,1275000,1280000,1286000,1291000,1296000,1301000,1306000,1311000,1315000,1320000,1324000,1328000,1332000,1335000,1339000,1342000,1345000,1348000,1350000,1353000,1355000
Czech Republic,CZE,10713000,10720000,10723000,10724000,10722000,10717000,10710000,10700000,10687000,10673000,10657000,10641000,10624000,10608000,10593000,10579000,10567000,10556000,10547000,10540000,10534000,10529000,10524000,10520000,10516000,10512000,10508000,10504000,10497000
Denmark,DNK,5877000,5897000,5918000,5938000,5958000,5976000,5994000,6011000,6027000,6042000,6057000,6072000,6086000,6101000,6115000,6129000,6142000,6155000,6167000,6178000,6188000,6198000,6207000,6216000,6224000,6232000,6240000,6247000,6254000
Djibouti,DJI,1016000,1030000,1043000,1056000,1069000,1081000,1093000,1105000,1117000,1128000,1139000,1150000,1160000,1170000,1180000,1189000,1199000,1208000,1217000,1226000,1234000,1243000,1251000,1259000,1266000,1274000,1281000,1289000,1295000
Dominica,DMA,72000,73000,73000,73000,73000,73000,73000,73000,73000,73000,73000,73000,73000,73000,73000,73000,73000,73000,73000,72000,72000,72000,72000,72000,72000,71000,71000,71000,71000
Dominican Republic,DOM,11056000,11156000,11252000,11346000,11437000,11525000,11609000,11691000,11770000,11847000,11921000,11992000,12060000,12126000,12189000,12250000,12308000,12364000,12416000,12467000,12515000,12560000,12602000,12642000,12678000,12712000,12743000,12771000,12796000
Early-demographic dividend,EAR,3415287000,3456372000,3496895000,3536681000,3575651000,3613816000,3651196000,3687842000,3723791000,3759033000,3793523000,3827247000,3860186000,3892338000,3923676000,3954217000,3983935000,4012847000,4040942000,4068210000,4094658000,4120272000,4145052000,4168999000,4192100000,4214364000,4235771000,4256311000,4275978000
East Asia & Pacific,EAS,2379030000,2388825000,2397933000,2406346000,2414076000,2421139000,2427565000,2433372000,2438585000,2443201000,2447216000,2450614000,2453389000,2455568000,2457172000,2458260000,2458862000,2459020000,2458733000,2457980000,2456738000,2454982000,2452695000,2449875000,2446509000,2442608000,2438173000,2433219000,2427527000
East Asia & Pacific (excluding high income),EAP,2132627000,2142588000,2151906000,2160569000,2168592000,2175998000,2182817000,2189066000,2194764000,2199906000,2204484000,2208484000,2211894000,2214741000,2217044000,2218860000,2220221000,2221161000,2221686000,2221769000,2221384000,2220507000,2219118000,2217214000,2214786000,2211843000,2208385000,2204432000,2199795000
East Asia & Pacific (IDA & IBRD countries),TEA,2106592000,2116454000,2125677000,2134250000,2142186000,2149510000,2156253000,2162432000,2168069000,2173157000,2177689000,2181651000,2185030000,2187854000,2190142000,2191949000,2193307000,2194251000,2194785000,2194882000,2194516000,2193661000,2192299000,2190424000,2188028000,2185120000,2181698000,2177785000,2173190000
Ecuador,ECU,18113000,18324000,18531000,18741000,18955000,19172000,19390000,19606000,19819000,20028000,20233000,20436000,20635000,20832000,21025000,21215000,21401000,21584000,21762000,21937000,22107000,22274000,22436000,22594000,22747000,22896000,23041000,23181000,23316000
"Egypt, Arab Rep.",EGY,106157000,108032000,109887000,111728000,113554000,115367000,117176000,118995000,120832000,122689000,124568000,126469000,128393000,130340000,132312000,134305000,136315000,138332000,140350000,142366000,144379000,146383000,148377000,150355000,152316000,154259000,156181000,158081000,159957000
El Salvador,SLV,6550000,6582000,6613000,6643000,6673000,6701000,6729000,6755000,6779000,6800000,6819000,6837000,6853000,6869000,6884000,6898000,6911000,6922000,6931000,6939000,6945000,6950000,6952000,6953000,6953000,6951000,6948000,6943000,6937000
Equatorial Guinea,GNQ,1497000,1543000,1590000,1637000,1684000,1732000,1779000,1827000,1874000,1920000,1966000,2013000,2059000,2106000,2153000,2201000,2249000,2297000,2346000,2394000,2442000,2490000,2538000,2585000,2633000,2680000,2727000,2774000,2821000
Eritrea,ERI,..,..,..,..,..,..,..,..,..,..,..,..,..,..,..,..,..,..,..,..,..,..,..,..,..,..,..,..,..
Estonia,EST,1324000,1319000,1313000,1307000,1302000,1297000,1292000,1286000,1281000,1275000,1269000,1262000,1255000,1249000,1242000,1235000,1229000,1222000,1216000,1209000,1203000,1197000,1191000,1185000,1179000,1173000,1168000,1162000,1156000
Eswatini,SWZ,1185000,1198000,1210000,1224000,1237000,1251000,1265000,1281000,1298000,1317000,1337000,1358000,1380000,1401000,1423000,1444000,1465000,1486000,1507000,1528000,1549000,1570000,1590000,1610000,1630000,1649000,1668000,1686000,1704000
Ethiopia,ETH,120813000,123771000,126751000,129749000,132766000,135797000,138839000,141890000,144944000,148001000,151059000,154117000,157175000,160231000,163284000,166333000,169379000,172423000,175466000,178508000,181546000,184578000,187601000,190611000,193605000,196584000,199546000,202488000,205411000
Euro area,EMU,342401000,342183000,341946000,341716000,341489000,341252000,340997000,340711000,340385000,340024000,339631000,339212000,338769000,338300000,337805000,337279000,336721000,336124000,335481000,334795000,334063000,333277000,332444000,331560000,330631000,329660000,328654000,327621000,326518000
Europe & Central Asia,ECS,924845000,925725000,926450000,927115000,927725000,928261000,928718000,929064000,929293000,929433000,929497000,929499000,929441000,929316000,929134000,928902000,928619000,928293000,927913000,927474000,926978000,926413000,925773000,925059000,924266000,923396000,922450000,921431000,920240000
Europe & Central Asia (excluding high income),ECA,402904000,403776000,404534000,405243000,405924000,406571000,407188000,407762000,408290000,408796000,409282000,409749000,410195000,410611000,411007000,411387000,411754000,412120000,412479000,412829000,413167000,413492000,413794000,414076000,414330000,414556000,414751000,414914000,415006000
Europe & Central Asia (IDA & IBRD countries),TEC,463522000,464224000,464804000,465321000,465793000,466214000,466590000,466907000,467167000,467392000,467584000,467750000,467883000,467980000,468051000,468102000,468138000,468171000,468200000,468221000,468234000,468238000,468223000,468193000,468138000,468057000,467943000,467795000,467564000
European Union,EUU,446606000,446214000,445789000,445352000,444893000,444399000,443865000,443274000,442626000,441924000,441171000,440384000,439558000,438703000,437816000,436895000,435942000,434952000,433922000,432853000,431744000,430587000,429389000,428146000,426862000,425539000,424177000,422785000,421304000
Faroe Islands,FRO,49000,49000,50000,50000,50000,50000,50000,51000,51000,51000,51000,52000,52000,52000,52000,52000,52000,53000,53000,53000,53000,53000,53000,53000,53000,53000,53000,53000,53000
Fiji,FJI,909000,916000,923000,930000,937000,944000,952000,959000,966000,973000,979000,986000,992000,998000,1004000,1010000,1016000,1022000,1027000,1032000,1037000,1042000,1047000,1051000,1055000,1060000,1064000,1068000,1071000
Finland,FIN,5547000,5551000,5555000,5558000,5560000,5560000,5559000,5557000,5553000,5548000,5543000,5538000,5533000,5528000,5522000,5517000,5512000,5508000,5503000,5498000,5494000,5489000,5484000,5479000,5474000,5468000,5463000,5457000,5450000
Fragile and conflict affected situations,FCS,975808000,999955000,1024468000,1049061000,1073658000,1098319000,1123066000,1147985000,1173113000,1198447000,1223942000,1249610000,1275468000,1301518000,1327768000,1354199000,1380791000,1407535000,1434404000,1461386000,1488478000,1515657000,1542904000,1570194000,1597512000,1624853000,1652211000,1679566000,1706920000
France,FRA,67656000,67819000,67979000,68126000,68260000,68380000,68487000,68581000,68665000,68741000,68809000,68872000,68930000,68984000,69034000,69080000,69123000,69161000,69196000,69225000,69248000,69265000,69276000,69279000,69275000,69262000,69243000,69218000,69180000
French Polynesia,PYF,284000,286000,287000,289000,291000,292000,294000,295000,297000,298000,299000,301000,302000,303000,304000,305000,306000,307000,308000,308000,309000,309000,310000,310000,310000,311000,311000,311000,311000
Gabon,GAB,2332000,2384000,2436000,2488000,2539000,2591000,2642000,2693000,2744000,2796000,2847000,2898000,2950000,3002000,3054000,3106000,3159000,3212000,3265000,3319000,3373000,3427000,3482000,3537000,3591000,3646000,3700000,3755000,3809000
"Gambia, The",GMB,2558000,2631000,2705000,2780000,2856000,2934000,3012000,3091000,3171000,3251000,3333000,3415000,3498000,3582000,3666000,3751000,3836000,3922000,4008000,4095000,4182000,4269000,4356000,4444000,4531000,4619000,4707000,4795000,4882000
Georgia,GEO,3696000,3684000,3671000,3657000,3643000,3628000,3613000,3597000,3581000,3565000,3548000,3531000,3514000,3497000,3480000,3463000,3446000,3429000,3412000,3395000,3378000,3361000,3344000,3327000,3310000,3293000,3275000,3258000,3240000
Germany,DEU,83001000,82837000,82678000,82553000,82460000,82390000,82333000,82276000,82210000,82133000,82045000,81947000,81839000,81720000,81591000,81450000,81295000,81128000,80946000,80751000,80543000,80322000,80090000,79849000,79603000,79354000,79105000,78859000,78610000
Ghana,GHA,32395000,33063000,33734000,34409000,35087000,35769000,36454000,37142000,37833000,38528000,39225000,39925000,40627000,41332000,42038000,42747000,43457000,44169000,44883000,45597000,46313000,47029000,47745000,48461000,49175000,49888000,50600000,51309000,52016000
Gibraltar,GIB,34000,34000,34000,34000,34000,34000,34000,34000,34000,34000,34000,34000,34000,34000,34000,34000,34000,34000,34000,34000,34000,34000,34000,34000,34000,34000,34000,34000,34000
Greece,GRC,10605000,10548000,10494000,10442000,10391000,10342000,10294000,10247000,10201000,10156000,10111000,10067000,10024000,9980000,9937000,9893000,9849000,9805000,9760000,9713000,9666000,9618000,9569000,9519000,9467000,9414000,9359000,9302000,9241000
Greenland,GRL,..,..,..,..,..,..,..,..,..,..,..,..,..,..,..,..,..,..,..,..,..,..,..,..,..,..,..,..,..
Grenada,GRD,113000,114000,114000,115000,115000,115000,115000,116000,116000,116000,116000,116000,116000,116000,116000,116000,116000,116000,116000,116000,116000,116000,116000,116000,116000,116000,116000,116000,116000
Guam,GUM,172000,173000,174000,175000,177000,178000,179000,180000,181000,182000,183000,184000,185000,186000,187000,187000,188000,189000,189000,190000,190000,191000,191000,192000,192000,192000,192000,193000,193000
Guatemala,GTM,17422000,17733000,18044000,18354000,18663000,18971000,19276000,19579000,19881000,20179000,20475000,20768000,21058000,21344000,21626000,21905000,22180000,22452000,22721000,22986000,23248000,23506000,23761000,24011000,24258000,24501000,24739000,24973000,25203000
Guinea,GIN,13866000,14239000,14618000,15004000,15397000,15795000,16199000,16608000,17021000,17439000,17861000,18287000,18716000,19150000,19587000,20027000,20470000,20916000,21365000,21816000,22269000,22725000,23184000,23644000,24107000,24571000,25037000,25504000,25972000
Guinea-Bissau,GNB,2063000,2112000,2160000,2209000,2259000,2309000,2359000,2410000,2461000,2513000,2565000,2618000,2671000,2724000,2778000,2832000,2886000,2941000,2996000,3052000,3107000,3163000,3220000,3276000,3332000,3389000,3445000,3501000,3557000
Guyana,GUY,794000,798000,801000,805000,809000,812000,815000,819000,822000,824000,827000,829000,830000,832000,833000,834000,835000,835000,835000,835000,835000,834000,834000,833000,832000,830000,829000,827000,825000
Haiti,HTI,11680000,11818000,11954000,12089000,12221000,12352000,12480000,12607000,12733000,12857000,12980000,13101000,13222000,13341000,13459000,13576000,13691000,13805000,13916000,14024000,14130000,14233000,14334000,14432000,14527000,14619000,14709000,14795000,14878000
Heavily indebted poor countries (HIPC),HPC,867840000,890458000,913428000,936772000,960494000,984575000,1009000000,1033747000,1058784000,1084116000,1109730000,1135609000,1161743000,1188124000,1214728000,1241555000,1268581000,1295809000,1323216000,1350797000,1378534000,1406421000,1434437000,1462569000,1490800000,1519122000,1547530000,1575989000,1604508000
High income,HIC,1244377000,1247378000,1250246000,1253035000,1255734000,1258316000,1260763000,1263033000,1265133000,1267069000,1268854000,1270491000,1271973000,1273300000,1274471000,1275492000,1276360000,1277091000,1277681000,1278136000,1278466000,1278665000,1278743000,1278709000,1278556000,1278307000,1277968000,1277552000,1276935000
Honduras,HND,10221000,10379000,10536000,10692000,10847000,11000000,11152000,11302000,11449000,11594000,11737000,11877000,12014000,12148000,12280000,12410000,12536000,12660000,12780000,12898000,13013000,13125000,13234000,13341000,13445000,13546000,13644000,13739000,13831000
"Hong Kong SAR, China",HKG,7461000,7510000,7563000,7620000,7678000,7736000,7788000,7832000,7865000,7890000,7906000,7916000,7922000,7926000,7928000,7926000,7922000,7915000,7904000,7891000,7876000,7859000,7841000,7823000,7804000,7786000,7769000,7752000,7736000
Hungary,HUN,9679000,9647000,9614000,9581000,9546000,9510000,9473000,9434000,9395000,9354000,9311000,9266000,9221000,9174000,9126000,9078000,9030000,8983000,8936000,8891000,8847000,8803000,8761000,8720000,8680000,8640000,8600000,8560000,8519000
IBRD only,IBD,..,..,..,..,..,..,..,..,..,..,..,..,..,..,..,..,..,..,..,..,..,..,..,..,..,..,..,..,..
Iceland,ISL,374000,376000,378000,380000,382000,384000,386000,387000,389000,390000,392000,393000,394000,395000,396000,397000,398000,399000,400000,401000,401000,402000,402000,403000,403000,404000,404000,404000,404000
IDA & IBRD total,IBT,6717178000,6791096000,6864212000,6936435000,7007719000,7078078000,7147544000,7216158000,7283941000,7350886000,7416953000,7482099000,7546280000,7609506000,7671771000,7733132000,7793590000,7853184000,7911890000,7969667000,8026462000,8082245000,8136963000,8190604000,8243122000,8294521000,8344769000,8393855000,8441532000
IDA blend,IDB,..,..,..,..,..,..,..,..,..,..,..,..,..,..,..,..,..,..,..,..,..,..,..,..,..,..,..,..,..
IDA only,IDX,..,..,..,..,..,..,..,..,..,..,..,..,..,..,..,..,..,..,..,..,..,..,..,..,..,..,..,..,..
IDA total,IDA,..,..,..,..,..,..,..,..,..,..,..,..,..,..,..,..,..,..,..,..,..,..,..,..,..,..,..,..,..
India,IND,1406632000,1419656000,1432456000,1445012000,1457309000,1469339000,1481083000,1492524000,1503642000,1514427000,1524862000,1534914000,1544544000,1553724000,1562439000,1570690000,1578478000,1585809000,1592692000,1599124000,1605109000,1610670000,1615832000,1620619000,1625039000,1629096000,1632799000,1636157000,1639176000
Indonesia,IDN,279135000,281844000,284495000,287090000,289628000,292109000,294533000,296896000,299198000,301439000,303618000,305733000,307783000,309765000,311679000,313525000,315300000,317005000,318638000,320199000,321688000,323103000,324442000,325705000,326892000,328004000,329042000,330008000,330905000
"Iran, Islamic Rep.",IRN,86023000,86976000,87892000,88775000,89623000,90433000,91208000,91951000,92664000,93348000,94005000,94638000,95250000,95844000,96422000,96985000,97534000,98070000,98594000,99106000,99606000,100094000,100570000,101032000,101480000,101913000,102329000,102725000,103098000
Iraq,IRQ,42165000,43171000,44182000,45187000,46186000,47183000,48181000,49184000,50194000,51212000,52236000,53267000,54303000,55343000,56386000,57433000,58483000,59533000,60584000,61633000,62681000,63726000,64769000,65809000,66845000,67876000,68903000,69924000,70940000
Ireland,IRL,5060000,5088000,5114000,5140000,5167000,5194000,5220000,5246000,5270000,5294000,5317000,5339000,5361000,5384000,5406000,5429000,5452000,5475000,5497000,5520000,5542000,5564000,5584000,5604000,5623000,5641000,5657000,5672000,5685000
Isle of Man,IMN,86000,86000,86000,87000,87000,87000,87000,88000,88000,88000,89000,89000,89000,89000,89000,90000,90000,90000,90000,90000,90000,90000,91000,91000,91000,91000,91000,91000,91000
Israel,ISR,9504000,9643000,9782000,9921000,10060000,10199000,10337000,10475000,10613000,10751000,10889000,11028000,11167000,11307000,11447000,11589000,11732000,11876000,12021000,12167000,12315000,12463000,12611000,12760000,12908000,13057000,13205000,13352000,13499000
Italy,ITA,58936000,58802000,58661000,58506000,58340000,58164000,57980000,57793000,57605000,57418000,57231000,57046000,56861000,56675000,56488000,56296000,56098000,55892000,55675000,55446000,55204000,54946000,54673000,54382000,54076000,53755000,53422000,53078000,52716000
Jamaica,JAM,2985000,2996000,3006000,3015000,3024000,3031000,3038000,3043000,3048000,3052000,3055000,3057000,3058000,3058000,3057000,3055000,3053000,3049000,3045000,3040000,3034000,3027000,3020000,3012000,3003000,2993000,2983000,2972000,2960000
Japan,JPN,125105000,124508000,123886000,123233000,122551000,121841000,121106000,120352000,119584000,118808000,118029000,117252000,116481000,115718000,114965000,114225000,113497000,112783000,112080000,111387000,110701000,110020000,109340000,108658000,107970000,107275000,106571000,105855000,105112000
Jordan,JOR,10301000,10312000,10321000,10340000,10375000,10426000,10492000,10569000,10655000,10751000,10858000,10974000,11096000,11224000,11355000,11489000,11624000,11757000,11887000,12011000,12131000,12245000,12355000,12462000,12564000,12662000,12756000,12846000,12932000
Kazakhstan,KAZ,19213000,19416000,19613000,19800000,19979000,20153000,20323000,20492000,20660000,20830000,21000000,21171000,21344000,21517000,21692000,21868000,22045000,22223000,22402000,22579000,22754000,22927000,23097000,23264000,23428000,23588000,23744000,23896000,24044000
Kenya,KEN,56215000,57459000,58715000,59981000,61258000,62544000,63839000,65141000,66450000,67763000,69081000,70399000,71715000,73026000,74331000,75628000,76917000,78198000,79470000,80732000,81983000,83223000,84452000,85669000,86875000,88068000,89248000,90417000,91575000
Kiribati,KIR,123000,126000,128000,130000,132000,134000,135000,137000,139000,141000,143000,145000,146000,148000,150000,152000,154000,156000,157000,159000,161000,163000,165000,167000,169000,171000,173000,175000,177000
"Korea, Dem. People's Rep.",PRK,25991000,26090000,26185000,26275000,26362000,26444000,26520000,26590000,26651000,26705000,26751000,26789000,26820000,26843000,26859000,26868000,26871000,26867000,26858000,26844000,26825000,26803000,26776000,26747000,26715000,26680000,26644000,26604000,26562000
"Korea, Rep.",KOR,51743000,51732000,51712000,51685000,51650000,51607000,51555000,51498000,51435000,51362000,51278000,51178000,51059000,50919000,50756000,50571000,50362000,50131000,49877000,49604000,49313000,49009000,48692000,48365000,48029000,47683000,47329000,46964000,46581000
Kosovo,XKX,1811000,1815000,1818000,1820000,1822000,1822000,1822000,1821000,1818000,1815000,1812000,1808000,1804000,1798000,1793000,1786000,1780000,1773000,1765000,1756000,1748000,1740000,1730000,1720000,1709000,1698000,1687000,1675000,1663000
Kuwait,KWT,4380000,4428000,4473000,4518000,4563000,4609000,4656000,4702000,4747000,4791000,4834000,4876000,4918000,4959000,5000000,5040000,5079000,5116000,5153000,5187000,5219000,5250000,5278000,5304000,5326000,5347000,5364000,5380000,5393000
Kyrgyz Republic,KGZ,6794000,6891000,6986000,7079000,7171000,7262000,7352000,7441000,7530000,7618000,7706000,7795000,7884000,7974000,8064000,8154000,8244000,8334000,8424000,8512000,8599000,8685000,8770000,8855000,8938000,9020000,9100000,9179000,9257000
Lao PDR,LAO,7481000,7581000,7678000,7775000,7869000,7961000,8052000,8140000,8226000,8310000,8392000,8472000,8550000,8626000,8699000,8771000,8840000,8907000,8972000,9034000,9094000,9152000,9207000,9259000,9309000,9356000,9400000,9441000,9480000
Late-demographic dividend,LTE,2330017000,2337135000,2343493000,2349181000,2354238000,2358669000,2362498000,2365699000,2368288000,2370259000,2371634000,2372409000,2372595000,2372219000,2371323000,2369962000,2368181000,2366016000,2363479000,2360555000,2357208000,2353425000,2349184000,2344490000,2339319000,2333685000,2327584000,2321040000,2313813000
Latin America & Caribbean,LCN,663698000,669280000,674735000,680042000,685192000,690184000,695017000,699685000,704190000,708519000,712681000,716674000,720492000,724151000,727639000,730963000,734118000,737110000,739941000,742612000,745125000,747484000,749686000,751740000,753643000,755397000,757007000,758459000,759760000
Latin America & Caribbean (excluding high income),LAC,601202000,605927000,610505000,615027000,619508000,623920000,628240000,632441000,636497000,640399000,644162000,647783000,651255000,654585000,657764000,660797000,663682000,666422000,669018000,671473000,673786000,675963000,677998000,679898000,681664000,683294000,684792000,686150000,687366000
Latin America & the Caribbean (IDA & IBRD countries),TLA,647917000,653482000,658919000,664223000,669383000,674397000,679257000,683963000,688510000,692887000,697099000,701146000,705021000,708736000,712286000,715671000,718891000,721952000,724853000,727598000,730190000,732629000,734915000,737053000,739047000,740893000,742597000,744148000,745549000
Latvia,LVA,1866000,1849000,1832000,1816000,1800000,1784000,1769000,1754000,1739000,1725000,1710000,1696000,1682000,1668000,1655000,1642000,1629000,1617000,1605000,1593000,1582000,1571000,1560000,1550000,1540000,1530000,1521000,1512000,1503000
Least developed countries: UN classification,LDC,1106201000,1131198000,1156482000,1182033000,1207836000,1233876000,1260147000,1286654000,1313375000,1340314000,1367453000,1394776000,1422272000,1449936000,1477742000,1505690000,1533763000,1561959000,1590256000,1618648000,1647120000,1675667000,1704266000,1732902000,1761563000,1790242000,1818925000,1847592000,1876242000
Lebanon,LBN,6685000,6585000,6485000,6397000,6327000,6274000,6237000,6211000,6195000,6187000,6190000,6202000,6220000,6242000,6266000,6294000,6323000,6350000,6376000,6399000,6419000,6437000,6453000,6468000,6482000,6495000,6507000,6518000,6528000
Lesotho,LSO,2176000,2192000,2210000,2228000,2246000,2266000,2286000,2306000,2325000,2344000,2363000,2382000,2400000,2418000,2436000,2454000,2472000,2490000,2507000,2525000,2542000,2559000,2575000,2591000,2607000,2622000,2637000,2651000,2665000
Liberia,LBR,5305000,5432000,5561000,5692000,5825000,5959000,6095000,6233000,6372000,6512000,6654000,6797000,6941000,7086000,7232000,7379000,7527000,7676000,7825000,7975000,8126000,8277000,8428000,8580000,8732000,8884000,9036000,9188000,9340000
Libya,LBY,7041000,7119000,7194000,7268000,7340000,7410000,7477000,7543000,7606000,7668000,7728000,7785000,7842000,7897000,7950000,8003000,8053000,8103000,8151000,8197000,8242000,8286000,8327000,8366000,8403000,8437000,8469000,8499000,8525000
Liechtenstein,LIE,38000,39000,39000,39000,39000,39000,39000,39000,39000,40000,40000,40000,40000,40000,40000,40000,40000,40000,40000,40000,40000,40000,40000,40000,40000,40000,40000,40000,40000
Lithuania,LTU,2769000,2746000,2724000,2702000,2681000,2659000,2639000,2618000,2598000,2577000,2557000,2537000,2516000,2496000,2475000,2455000,2435000,2415000,2396000,2377000,2359000,2341000,2323000,2306000,2289000,2273000,2257000,2242000,2227000
Low & middle income,LMY,6640819000,6714282000,6786928000,6858768000,6929786000,6999967000,7069328000,7137881000,7205620000,7272544000,7338620000,7403797000,7468039000,7531341000,7593694000,7655159000,7715734000,7775455000,7834295000,7892214000,7949153000,8005089000,8059962000,8113763000,8166444000,8218012000,8268439000,8317714000,8365598000
Low income,LIC,720881000,740272000,759943000,779765000,799695000,819739000,839905000,860225000,880706000,901343000,922113000,943020000,964078000,985289000,1006653000,1028155000,1049790000,1071553000,1093428000,1115412000,1137490000,1159659000,1181895000,1204181000,1226508000,1248866000,1271252000,1293641000,1316037000
Lower middle income,LMC,3407094000,3450691000,3493972000,3536924000,3579520000,3621741000,3663580000,3705028000,3746079000,3786722000,3826946000,3866703000,3905970000,3944735000,3982953000,4020642000,4057770000,4094340000,4130338000,4165751000,4200568000,4234785000,4268397000,4301402000,4333784000,4365546000,4396670000,4427154000,4456983000
Luxembourg,LUX,646000,652000,658000,663000,669000,675000,681000,687000,692000,698000,703000,708000,714000,719000,724000,729000,734000,739000,743000,748000,752000,757000,761000,765000,769000,773000,777000,781000,784000
"Macao SAR, China",MAC,667000,677000,685000,694000,702000,710000,718000,725000,732000,739000,745000,751000,757000,763000,769000,775000,780000,785000,791000,796000,801000,806000,811000,816000,820000,825000,830000,834000,838000
Madagascar,MDG,29178000,29943000,30720000,31510000,32311000,33124000,33948000,34781000,35622000,36472000,37329000,38194000,39067000,39949000,40838000,41735000,42640000,43552000,44471000,45398000,46331000,47272000,48220000,49175000,50137000,51106000,52082000,53062000,54048000
Malawi,MWI,20181000,20728000,21288000,21857000,22437000,23027000,23627000,24234000,24849000,25472000,26101000,26736000,27376000,28022000,28673000,29328000,29987000,30650000,31317000,31988000,32663000,33341000,34021000,34704000,35388000,36074000,36762000,37452000,38143000
Malaysia,MYS,33181000,33579000,33969000,34350000,34720000,35080000,35429000,35767000,36095000,36412000,36718000,37012000,37295000,37566000,37825000,38073000,38309000,38536000,38755000,38965000,39166000,39361000,39548000,39730000,39905000,40075000,40239000,40397000,40550000
Maldives,MDV,541000,535000,528000,522000,519000,517000,517000,518000,519000,522000,525000,530000,534000,538000,542000,546000,549000,553000,556000,560000,563000,567000,570000,573000,576000,579000,582000,584000,586000
Mali,MLI,21474000,22106000,22753000,23416000,24095000,24789000,25498000,26221000,26957000,27706000,28467000,29239000,30024000,30819000,31625000,32442000,33267000,34099000,34939000,35783000,36633000,37489000,38348000,39213000,40081000,40952000,41827000,42705000,43586000
Malta,MLT,518000,519000,520000,521000,521000,521000,521000,521000,520000,520000,519000,518000,516000,515000,514000,512000,511000,509000,507000,506000,504000,502000,500000,499000,497000,496000,494000,493000,491000
Marshall Islands,MHL,60000,61000,61000,62000,62000,63000,64000,64000,65000,66000,66000,67000,68000,68000,69000,70000,70000,71000,71000,72000,72000,73000,73000,74000,74000,74000,75000,75000,75000
Mauritania,MRT,4902000,5030000,5160000,5291000,5423000,5557000,5692000,5829000,5967000,6107000,6248000,6391000,6535000,6681000,6828000,6977000,7127000,7279000,7432000,7586000,7742000,7899000,8056000,8215000,8376000,8537000,8699000,8861000,9025000
Mauritius,MUS,1267000,1268000,1269000,1269000,1269000,1269000,1268000,1267000,1266000,1265000,1263000,1260000,1258000,1255000,1251000,1248000,1244000,1240000,1235000,1230000,1225000,1219000,1213000,1207000,1201000,1195000,1188000,1182000,1175000
Mexico,MEX,131563000,132834000,134074000,135284000,136462000,137609000,138725000,139814000,140876000,141912000,142921000,143900000,144845000,145755000,146628000,147464000,148264000,149029000,149759000,150454000,151115000,151740000,152331000,152887000,153409000,153897000,154350000,154768000,155151000
"Micronesia, Fed. Sts.",FSM,117000,119000,120000,121000,122000,123000,125000,126000,127000,128000,129000,130000,130000,131000,132000,133000,133000,134000,135000,135000,136000,136000,137000,137000,137000,138000,138000,139000,139000
Middle East & North Africa,MEA,480534000,488572000,496484000,504180000,511621000,518834000,525851000,532714000,539467000,546110000,552637000,559075000,565460000,571814000,578146000,584458000,590742000,596986000,603181000,609324000,615415000,621443000,627400000,633273000,639046000,644730000,650308000,655780000,661128000
Middle East & North Africa (excluding high income),MNA,410117000,417235000,424259000,431087000,437675000,444048000,450244000,456322000,462328000,468262000,474119000,479918000,485689000,491450000,497207000,502964000,508710000,514430000,520113000,525754000,531354000,536903000,542396000,547819000,553165000,558435000,563617000,568702000,573676000
Middle East & North Africa (IDA & IBRD countries),TMN,405078000,412080000,418987000,425698000,432169000,438425000,444503000,450463000,456351000,462166000,467905000,473585000,479236000,484878000,490516000,496154000,501782000,507383000,512948000,518472000,523955000,529388000,534765000,540073000,545305000,550462000,555532000,560506000,565369000
Middle income,MIC,5919938000,5974010000,6026985000,6079003000,6130091000,6180228000,6229423000,6277656000,6324914000,6371201000,6416507000,6460777000,6503961000,6546052000,6587041000,6627004000,6665944000,6703902000,6740867000,6776802000,6811663000,6845430000,6878067000,6909582000,6939936000,6969146000,6997187000,7024073000,7049561000
Moldova,MDA,2566000,2558000,2550000,2540000,2530000,2518000,2506000,2494000,2480000,2466000,2451000,2435000,2419000,2402000,2384000,2366000,2348000,2330000,2312000,2293000,2275000,2257000,2238000,2220000,2201000,2183000,2164000,2146000,2127000
Monaco,MCO,40000,40000,40000,41000,41000,41000,41000,42000,42000,42000,42000,42000,43000,43000,43000,43000,44000,44000,44000,44000,44000,45000,45000,45000,45000,45000,46000,46000,46000
Mongolia,MNG,3378000,3425000,3470000,3514000,3557000,3598000,3638000,3677000,3716000,3754000,3792000,3830000,3867000,3904000,3941000,3978000,4015000,4052000,4089000,4126000,4163000,4200000,4236000,4273000,4309000,4345000,4380000,4415000,4449000
Montenegro,MNE,620000,620000,619000,619000,619000,618000,618000,617000,616000,615000,614000,612000,611000,610000,608000,606000,604000,602000,600000,599000,597000,595000,592000,590000,588000,586000,584000,582000,580000
Morocco,MAR,37773000,38194000,38606000,39010000,39404000,39789000,40164000,40530000,40887000,41236000,41576000,41906000,42228000,42541000,42845000,43141000,43427000,43705000,43973000,44233000,44483000,44725000,44958000,45182000,45396000,45602000,45799000,45987000,46165000
Mozambique,MOZ,33089000,34035000,35000000,35985000,36989000,38012000,39053000,40111000,41185000,42275000,43381000,44501000,45637000,46786000,47950000,49127000,50316000,51518000,52729000,53951000,55182000,56422000,57671000,58928000,60193000,61464000,62742000,64025000,65313000
Myanmar,MMR,55227000,55664000,56101000,56528000,56943000,57346000,57736000,58114000,58478000,58829000,59164000,59482000,59782000,60065000,60329000,60574000,60801000,61010000,61202000,61376000,61533000,61674000,61800000,61910000,62005000,62086000,62154000,62210000,62253000
Namibia,NAM,2634000,2680000,2727000,2774000,2821000,2868000,2916000,2963000,3011000,3059000,3107000,3155000,3204000,3252000,3301000,3350000,3399000,3448000,3497000,3546000,3595000,3644000,3693000,3742000,3790000,3839000,3887000,3934000,3981000
Nauru,NRU,11000,11000,11000,11000,11000,11000,11000,11000,11000,11000,11000,11000,11000,11000,11000,11000,11000,11000,11000,11000,11000,11000,11000,11000,11000,11000,11000,11000,11000
Nepal,NPL,30226000,30770000,31286000,31757000,32175000,32539000,32855000,33136000,33390000,33617000,33817000,33993000,34152000,34300000,34437000,34566000,34685000,34793000,34889000,34975000,35050000,35116000,35173000,35221000,35260000,35290000,35311000,35322000,35324000
Netherlands,NLD,17567000,17601000,17633000,17663000,17689000,17712000,17731000,17747000,17759000,17767000,17773000,17775000,17776000,17774000,17769000,17761000,17751000,17736000,17719000,17698000,17674000,17647000,17617000,17584000,17549000,17512000,17474000,17434000,17392000
New Caledonia,NCL,275000,278000,280000,283000,285000,287000,290000,292000,294000,296000,299000,301000,303000,305000,307000,309000,311000,312000,314000,316000,317000,319000,320000,322000,323000,324000,325000,326000,327000
New Zealand,NZL,5160000,5197000,5233000,5268000,5302000,5336000,5368000,5399000,5429000,5458000,5486000,5512000,5538000,5563000,5587000,5611000,5633000,5655000,5675000,5695000,5714000,5732000,5749000,5765000,5781000,5796000,5810000,5824000,5837000
Nicaragua,NIC,6779000,6855000,6931000,7008000,7085000,7163000,7241000,7317000,7392000,7465000,7536000,7605000,7673000,7740000,7805000,7868000,7930000,7990000,8049000,8106000,8161000,8214000,8265000,8314000,8362000,8407000,8451000,8492000,8531000
Niger,NER,26084000,27066000,28080000,29126000,30204000,31315000,32458000,33636000,34846000,36090000,37367000,38678000,40021000,41396000,42804000,44243000,45713000,47214000,48746000,50307000,51897000,53516000,55163000,56837000,58538000,60264000,62016000,63792000,65593000
Nigeria,NGA,216747000,222182000,227713000,233343000,239073000,244902000,250830000,256855000,262977000,269195000,275508000,281912000,288406000,294986000,301650000,308394000,315215000,322107000,329067000,336090000,343173000,350309000,357491000,364712000,371967000,379254000,386573000,393926000,401315000
North America,NAC,372287000,374419000,376541000,378658000,380767000,382861000,384931000,386976000,389000000,391002000,392975000,394909000,396792000,398618000,400387000,402098000,403755000,405362000,406923000,408441000,409919000,411364000,412782000,414179000,415562000,416938000,418311000,419691000,421041000
North Macedonia,MKD,2063000,2061000,2059000,2056000,2052000,2048000,2044000,2038000,2032000,2026000,2019000,2011000,2003000,1994000,1985000,1976000,1966000,1956000,1945000,1935000,1924000,1914000,1903000,1892000,1881000,1870000,1859000,1847000,1836000
Northern Mariana Islands,MNP,58000,59000,59000,59000,60000,60000,60000,61000,61000,61000,62000,62000,62000,62000,63000,63000,63000,63000,63000,63000,63000,63000,63000,63000,63000,62000,62000,62000,62000
Norway,NOR,5454000,5500000,5546000,5591000,5635000,5678000,5721000,5762000,5803000,5843000,5882000,5921000,5960000,5998000,6035000,6072000,6109000,6145000,6180000,6214000,6248000,6281000,6313000,6345000,6376000,6406000,6436000,6465000,6492000
Not classified,INX,..,..,..,..,..,..,..,..,..,..,..,..,..,..,..,..,..,..,..,..,..,..,..,..,..,..,..,..,..
OECD members,OED,1380161000,1384093000,1387846000,1391595000,1395364000,1399096000,1402753000,1406283000,1409666000,1412909000,1416029000,1419017000,1421840000,1424477000,1426920000,1429175000,1431239000,1433128000,1434837000,1436369000,1437731000,1438915000,1439936000,1440792000,1441501000,1442061000,1442485000,1442780000,1442826000
Oman,OMN,5324000,5412000,5494000,5573000,5651000,5728000,5802000,5872000,5936000,5995000,6049000,6099000,6148000,6197000,6245000,6294000,6342000,6390000,6437000,6484000,6531000,6577000,6624000,6672000,6721000,6770000,6819000,6868000,6915000
Other small states,OSS,32972000,33468000,33960000,34454000,34949000,35451000,35953000,36451000,36947000,37441000,37933000,38419000,38904000,39386000,39862000,40339000,40811000,41281000,41746000,42216000,42677000,43136000,43591000,44046000,44492000,44940000,45377000,45813000,46238000
Pacific island small states,PSS,2603000,2644000,2683000,2721000,2762000,2802000,2843000,2882000,2923000,2965000,3005000,3048000,3087000,3129000,3170000,3214000,3254000,3297000,3340000,3380000,3423000,3465000,3507000,3548000,3589000,3633000,3675000,3715000,3755000
Pakistan,PAK,229489000,233757000,238006000,242234000,246439000,250617000,254764000,258878000,262959000,267003000,271012000,274989000,278938000,282863000,286765000,290640000,294492000,298321000,302129000,305915000,309676000,313404000,317089000,320724000,324303000,327826000,331287000,334684000,338013000
Palau,PLW,18000,18000,18000,18000,18000,18000,18000,18000,18000,18000,18000,18000,18000,18000,18000,18000,18000,18000,18000,18000,18000,18000,18000,18000,18000,18000,18000,18000,18000
Panama,PAN,4447000,4511000,4574000,4635000,4696000,4755000,4814000,4871000,4928000,4983000,5038000,5092000,5145000,5197000,5248000,5298000,5347000,5395000,5442000,5488000,5533000,5577000,5619000,5661000,5702000,5741000,5780000,5817000,5853000
Papua New Guinea,PNG,9292000,9466000,9642000,9818000,9995000,10173000,10351000,10530000,10709000,10889000,11069000,11249000,11428000,11607000,11785000,11963000,12140000,12317000,12493000,12668000,12842000,13016000,13189000,13361000,13532000,13702000,13870000,14038000,14204000
Paraguay,PRY,7306000,7391000,7475000,7558000,7639000,7719000,7797000,7874000,7950000,8024000,8097000,8168000,8237000,8304000,8370000,8433000,8495000,8555000,8614000,8670000,8725000,8779000,8830000,8880000,8928000,8974000,9018000,9061000,9102000
Peru,PER,33684000,33966000,34236000,34518000,34815000,35120000,35429000,35735000,36031000,36317000,36596000,36868000,37132000,37388000,37636000,37876000,38108000,38333000,38552000,38765000,38972000,39172000,39365000,39551000,39730000,39903000,40067000,40224000,40374000
Philippines,PHL,112509000,113964000,115407000,116833000,118241000,119633000,121006000,122361000,123698000,125015000,126312000,127584000,128827000,130040000,131219000,132366000,133481000,134564000,135619000,136644000,137638000,138602000,139535000,140438000,141311000,142153000,142964000,143742000,144488000
Poland,POL,37716000,37647000,37569000,37482000,37383000,37272000,37149000,37013000,36866000,36708000,36540000,36365000,36182000,35993000,35800000,35603000,35403000,35202000,35001000,34800000,34602000,34406000,34213000,34024000,33839000,33655000,33473000,33291000,33103000
Portugal,PRT,10267000,10236000,10205000,10174000,10143000,10111000,10078000,10045000,10011000,9976000,9941000,9905000,9869000,9831000,9793000,9755000,9715000,9674000,9631000,9588000,9543000,9496000,9448000,9399000,9348000,9296000,9242000,9188000,9131000
Post-demographic dividend,PST,1118465000,1120156000,1121770000,1123335000,1124835000,1126251000,1127557000,1128737000,1129794000,1130739000,1131576000,1132310000,1132936000,1133453000,1133860000,1134158000,1134346000,1134433000,1134407000,1134277000,1134039000,1133697000,1133262000,1132733000,1132117000,1131428000,1130675000,1129870000,1128887000
Pre-demographic dividend,PRE,1023976000,1051256000,1079019000,1107264000,1135995000,1165207000,1194888000,1225031000,1255612000,1286630000,1318075000,1349923000,1382153000,1414748000,1447686000,1480957000,1514541000,1548424000,1582586000,1617010000,1651678000,1686578000,1721685000,1756979000,1792445000,1828069000,1863842000,1899746000,1935787000
Puerto Rico,PRI,3281000,3309000,3336000,3352000,3357000,3352000,3340000,3323000,3303000,3280000,3255000,3230000,3205000,3180000,3156000,3132000,3108000,3083000,3059000,3033000,3007000,2981000,2954000,2927000,2899000,2871000,2842000,2813000,2783000
Qatar,QAT,2980000,3029000,3076000,3122000,3165000,3207000,3249000,3288000,3327000,3364000,3400000,3434000,3467000,3497000,3526000,3553000,3579000,3604000,3629000,3653000,3677000,3701000,3724000,3747000,3769000,3790000,3811000,3831000,3851000
Romania,ROU,19025000,18944000,18865000,18781000,18693000,18600000,18505000,18407000,18309000,18209000,18107000,18005000,17900000,17795000,17689000,17582000,17477000,17371000,17268000,17165000,17064000,16964000,16866000,16768000,16670000,16572000,16470000,16366000,16257000
Russian Federation,RUS,143296000,143110000,142889000,142636000,142348000,142026000,141671000,141282000,140864000,140419000,139954000,139474000,138986000,138495000,138007000,137529000,137066000,136622000,136200000,135801000,135426000,135076000,134749000,134443000,134157000,133889000,133637000,133399000,133152000
Rwanda,RWA,13600000,13924000,14250000,14577000,14906000,15236000,15568000,15900000,16234000,16570000,16906000,17243000,17582000,17922000,18262000,18604000,18946000,19290000,19634000,19979000,20324000,20669000,21014000,21357000,21699000,22039000,22378000,22714000,23048000
Samoa,WSM,202000,205000,207000,209000,212000,214000,216000,218000,220000,223000,225000,227000,230000,232000,234000,237000,239000,241000,244000,246000,249000,251000,254000,256000,258000,261000,263000,265000,267000
San Marino,SMR,34000,34000,34000,34000,34000,34000,34000,34000,34000,34000,34000,34000,34000,34000,34000,34000,34000,34000,34000,34000,34000,34000,34000,34000,34000,34000,34000,34000,34000
Sao Tome and Principe,STP,228000,232000,237000,242000,247000,252000,257000,263000,268000,274000,280000,285000,291000,297000,303000,310000,316000,322000,328000,335000,341000,348000,354000,361000,367000,374000,381000,387000,394000
Saudi Arabia,SAU,35845000,36329000,36797000,37249000,37688000,38115000,38531000,38933000,39322000,39699000,40063000,40415000,40752000,41073000,41379000,41669000,41946000,42214000,42473000,42725000,42970000,43206000,43432000,43649000,43855000,44050000,44234000,44405000,44562000
Senegal,SEN,17654000,18117000,18586000,19062000,19546000,20036000,20534000,21039000,21551000,22072000,22599000,23134000,23677000,24228000,24786000,25352000,25924000,26503000,27088000,27678000,28273000,28874000,29478000,30088000,30701000,31318000,31938000,32561000,33187000
Serbia,SRB,6805000,6765000,6724000,6684000,6642000,6600000,6556000,6512000,6465000,6418000,6370000,6320000,6270000,6220000,6170000,6120000,6070000,6020000,5971000,5922000,5873000,5824000,5776000,5727000,5678000,5630000,5581000,5532000,5482000
Seychelles,SYC,100000,100000,101000,101000,101000,102000,102000,103000,103000,103000,103000,104000,104000,104000,104000,105000,105000,105000,105000,105000,105000,105000,105000,105000,105000,105000,105000,105000,105000
Sierra Leone,SLE,8306000,8472000,8639000,8806000,8974000,9142000,9310000,9479000,9649000,9818000,9988000,10158000,10328000,10498000,10667000,10836000,11004000,11172000,11339000,11505000,11671000,11835000,11999000,12161000,12321000,12480000,12637000,12792000,12945000
Singapore,SGP,5498000,5542000,5584000,5625000,5665000,5702000,5738000,5771000,5801000,5829000,5854000,5876000,5895000,5910000,5923000,5932000,5939000,5944000,5946000,5946000,5945000,5942000,5938000,5933000,5927000,5921000,5914000,5907000,5899000
Sint Maarten (Dutch part),SXM,..,..,..,..,..,..,..,..,..,..,..,..,..,..,..,..,..,..,..,..,..,..,..,..,..,..,..,..,..
Slovak Republic,SVK,5446000,5443000,5439000,5434000,5426000,5418000,5407000,5395000,5381000,5366000,5349000,5331000,5311000,5290000,5269000,5246000,5224000,5201000,5178000,5154000,5132000,5109000,5086000,5063000,5041000,5019000,4997000,4975000,4952000
Slovenia,SVN,2105000,2104000,2101000,2098000,2095000,2091000,2088000,2083000,2079000,2074000,2068000,2063000,2057000,2051000,2044000,2037000,2031000,2024000,2017000,2011000,2004000,1998000,1991000,1985000,1978000,1971000,1964000,1957000,1949000
Small states,SST,43095000,43667000,44232000,44797000,45362000,45932000,46499000,47061000,47621000,48175000,48725000,49270000,49808000,50343000,50870000,51398000,51917000,52431000,52940000,53448000,53951000,54446000,54938000,55427000,55904000,56381000,56850000,57310000,57758000
Solomon Islands,SLB,721000,738000,756000,773000,791000,809000,827000,846000,865000,884000,903000,923000,942000,963000,983000,1004000,1025000,1046000,1068000,1089000,1111000,1133000,1155000,1177000,1200000,1222000,1245000,1267000,1290000
Somalia,SOM,16842000,17339000,17851000,18377000,18915000,19466000,20029000,20605000,21191000,21788000,22396000,23014000,23641000,24277000,24923000,25576000,26239000,26911000,27591000,28280000,28978000,29686000,30403000,31131000,31869000,32618000,33376000,34144000,34922000
South Africa,ZAF,60756000,61453000,62134000,62803000,63458000,64101000,64731000,65349000,65956000,66552000,67136000,67709000,68270000,68819000,69355000,69879000,70390000,70889000,71375000,71850000,72312000,72761000,73197000,73620000,74028000,74423000,74803000,75168000,75518000
South Asia,SAS,1898555000,1918944000,1939013000,1958719000,1978033000,1996942000,2015432000,2033499000,2051132000,2068314000,2085031000,2101251000,2116943000,2132083000,2146660000,2160669000,2174114000,2187000000,2199337000,2211123000,2222357000,2233054000,2243229000,2252898000,2262064000,2270730000,2278897000,2286572000,2293752000
South Asia (IDA & IBRD),TSA,1898555000,1918944000,1939013000,1958719000,1978033000,1996942000,2015432000,2033499000,2051132000,2068314000,2085031000,2101251000,2116943000,2132083000,2146660000,2160669000,2174114000,2187000000,2199337000,2211123000,2222357000,2233054000,2243229000,2252898000,2262064000,2270730000,2278897000,2286572000,2293752000
South Sudan,SSD,11619000,11891000,12176000,12458000,12733000,13006000,13278000,13555000,13839000,14130000,14425000,14724000,15026000,15328000,15632000,15936000,16242000,16548000,16856000,17166000,17475000,17786000,18097000,18408000,18720000,19031000,19342000,19652000,19963000
Spain,ESP,47277000,47213000,47141000,47068000,46992000,46913000,46829000,46741000,46646000,46545000,46440000,46332000,46221000,46107000,45989000,45868000,45742000,45611000,45473000,45329000,45177000,45017000,44850000,44673000,44488000,44294000,44090000,43877000,43648000
Sri Lanka,LKA,22239000,22317000,22388000,22452000,22510000,22562000,22609000,22652000,22691000,22726000,22758000,22786000,22810000,22830000,22846000,22857000,22862000,22862000,22857000,22847000,22831000,22809000,22781000,22748000,22709000,22664000,22614000,22559000,22497000
St. Kitts and Nevis,KNA,54000,54000,54000,55000,55000,55000,55000,56000,56000,56000,56000,56000,56000,56000,57000,57000,57000,57000,57000,57000,57000,57000,57000,57000,57000,56000,56000,56000,56000
St. Lucia,LCA,185000,186000,186000,187000,187000,188000,188000,188000,189000,189000,189000,189000,189000,189000,189000,189000,189000,188000,188000,188000,187000,187000,186000,186000,185000,184000,184000,183000,182000
St. Martin (French part),MAF,..,..,..,..,..,..,..,..,..,..,..,..,..,..,..,..,..,..,..,..,..,..,..,..,..,..,..,..,..
St. Vincent and the Grenadines,VCT,112000,112000,112000,112000,112000,113000,113000,113000,113000,113000,113000,113000,113000,113000,113000,113000,113000,113000,112000,112000,112000,112000,111000,111000,111000,110000,110000,110000,109000
Sub-Saharan Africa,SSF,1195514000,1225912000,1256812000,1288224000,1320155000,1352590000,1385509000,1418894000,1452712000,1486970000,1521645000,1556716000,1592167000,1627975000,1664116000,1700587000,1737358000,1774427000,1811767000,1849371000,1887210000,1925275000,1963532000,2001963000,2040540000,2079259000,2118102000,2157049000,2196108000
Sub-Saharan Africa (excluding high income),SSA,1195414000,1225812000,1256711000,1288123000,1320054000,1352488000,1385407000,1418791000,1452609000,1486867000,1521542000,1556612000,1592063000,1627871000,1664012000,1700482000,1737253000,1774322000,1811662000,1849266000,1887105000,1925170000,1963427000,2001858000,2040435000,2079154000,2117997000,2156944000,2196003000
Sub-Saharan Africa (IDA & IBRD countries),TSS,1195514000,1225912000,1256812000,1288224000,1320155000,1352590000,1385509000,1418894000,1452712000,1486970000,1521645000,1556716000,1592167000,1627975000,1664116000,1700587000,1737358000,1774427000,1811767000,1849371000,1887210000,1925275000,1963532000,2001963000,2040540000,2079259000,2118102000,2157049000,2196108000
Sudan,SDN,45992000,47095000,48216000,49353000,50505000,51671000,52851000,54046000,55254000,56475000,57708000,58953000,60208000,61473000,62747000,64029000,65319000,66616000,67919000,69228000,70541000,71860000,73182000,74509000,75840000,77173000,78511000,79850000,81193000
Suriname,SUR,597000,602000,607000,611000,616000,620000,624000,628000,632000,636000,640000,643000,647000,650000,653000,656000,659000,661000,664000,666000,668000,670000,672000,674000,675000,677000,678000,679000,680000
Sweden,SWE,10472000,10526000,10578000,10629000,10678000,10725000,10769000,10810000,10849000,10886000,10921000,10956000,10991000,11027000,11063000,11099000,11135000,11172000,11210000,11247000,11285000,11322000,11360000,11397000,11434000,11471000,11507000,11542000,11575000
Switzerland,CHE,8752000,8805000,8857000,8908000,8957000,9006000,9052000,9097000,9139000,9179000,9218000,9255000,9291000,9326000,9360000,9392000,9423000,9453000,9481000,9508000,9533000,9557000,9580000,9601000,9622000,9641000,9660000,9678000,9695000
Syrian Arab Republic,SYR,19365000,20638000,21915000,23062000,24033000,24851000,25537000,26134000,26677000,27160000,27572000,27930000,28260000,28580000,28898000,29214000,29530000,29843000,30153000,30462000,30772000,31082000,31390000,31693000,31992000,32287000,32576000,32857000,33129000
Tajikistan,TJK,9957000,10162000,10363000,10563000,10761000,10958000,11155000,11354000,11557000,11765000,11977000,12193000,12415000,12643000,12876000,13114000,13356000,13601000,13846000,14092000,14338000,14583000,14826000,15065000,15300000,15531000,15759000,15984000,16208000
Tanzania,TZA,63299000,65136000,67014000,68934000,70896000,72900000,74946000,77034000,79163000,81334000,83546000,85798000,88088000,90416000,92779000,95179000,97614000,100083000,102587000,105123000,107692000,110294000,112929000,115596000,118296000,121027000,123787000,126574000,129387000
Thailand,THA,70078000,70183000,70266000,70329000,70372000,70394000,70397000,70380000,70346000,70292000,70221000,70132000,70024000,69899000,69756000,69596000,69419000,69223000,69008000,68776000,68526000,68258000,67973000,67672000,67355000,67023000,66676000,66315000,65940000
Timor-Leste,TLS,1369000,1395000,1421000,1447000,1472000,1498000,1523000,1549000,1574000,1599000,1624000,1648000,1672000,1696000,1719000,1742000,1765000,1787000,1809000,1831000,1853000,1874000,1895000,1916000,1937000,1958000,1979000,1999000,2019000
Togo,TGO,8681000,8887000,9096000,9308000,9524000,9744000,9967000,10193000,10422000,10654000,10889000,11126000,11367000,11609000,11853000,12100000,12348000,12598000,12850000,13102000,13356000,13611000,13867000,14123000,14380000,14638000,14897000,15156000,15416000
Tonga,TON,108000,109000,110000,111000,112000,113000,114000,115000,116000,117000,118000,119000,120000,121000,122000,123000,124000,125000,126000,127000,128000,129000,129000,130000,131000,132000,133000,133000,134000
Trinidad and Tobago,TTO,1407000,1409000,1411000,1413000,1414000,1414000,1414000,1414000,1413000,1412000,1411000,1410000,1408000,1406000,1404000,1401000,1398000,1395000,1392000,1388000,1385000,1380000,1376000,1371000,1366000,1361000,1356000,1350000,1344000
Tunisia,TUN,12047000,12152000,12251000,12347000,12438000,12523000,12605000,12682000,12756000,12826000,12893000,12957000,13018000,13078000,13136000,13192000,13247000,13301000,13353000,13405000,13455000,13504000,13552000,13598000,13642000,13684000,13724000,13762000,13797000
Turkiye,TUR,85562000,85957000,86316000,86705000,87142000,87613000,88115000,88633000,89158000,89693000,90242000,90797000,91341000,91864000,92362000,92837000,93288000,93719000,94132000,94525000,94898000,95249000,95581000,95892000,96184000,96455000,96705000,96934000,97140000
Turkmenistan,TKM,6202000,6283000,6362000,6438000,6511000,6581000,6650000,6717000,6782000,6847000,6911000,6974000,7037000,7099000,7161000,7224000,7286000,7347000,7409000,7469000,7529000,7588000,7645000,7701000,7755000,7807000,7857000,7904000,7949000
Turks and Caicos Islands,TCA,40000,40000,41000,41000,42000,42000,43000,43000,44000,44000,45000,45000,45000,46000,46000,47000,47000,47000,48000,48000,48000,49000,49000,49000,49000,50000,50000,50000,50000
Tuvalu,TUV,12000,12000,12000,12000,13000,13000,13000,13000,13000,13000,13000,14000,14000,14000,14000,14000,14000,14000,15000,15000,15000,15000,15000,15000,15000,16000,16000,16000,16000
Uganda,UGA,48433000,49701000,50976000,52294000,53664000,55072000,56513000,57972000,59438000,60911000,62394000,63886000,65384000,66889000,68398000,69909000,71423000,72938000,74455000,75971000,77485000,78998000,80507000,82013000,83513000,85008000,86495000,87975000,89447000
Ukraine,UKR,43526000,43238000,42950000,42661000,42371000,42080000,41788000,41493000,41195000,40896000,40595000,40294000,39992000,39692000,39392000,39095000,38800000,38509000,38220000,37934000,37650000,37368000,37089000,36811000,36534000,36258000,35983000,35709000,35428000
United Arab Emirates,ARE,10082000,10165000,10245000,10324000,10403000,10481000,10554000,10615000,10661000,10690000,10704000,10706000,10703000,10697000,10691000,10683000,10673000,10662000,10648000,10634000,10618000,10601000,10582000,10558000,10529000,10498000,10467000,10442000,10425000
United Kingdom,GBR,67585000,67828000,68066000,68305000,68542000,68775000,69001000,69216000,69421000,69617000,69808000,69994000,70179000,70362000,70544000,70725000,70903000,71078000,71251000,71418000,71581000,71738000,71889000,72032000,72168000,72297000,72419000,72535000,72640000
United States,USA,333730000,335555000,337371000,339185000,340994000,342792000,344571000,346331000,348075000,349802000,351506000,353178000,354806000,356384000,357912000,359389000,360818000,362203000,363547000,364853000,366124000,367365000,368581000,369778000,370961000,372137000,373309000,374484000,375631000
Upper middle income,UMC,2512844000,2523319000,2533013000,2542079000,2550571000,2558487000,2565843000,2572628000,2578835000,2584479000,2589561000,2594074000,2597991000,2601317000,2604088000,2606362000,2608174000,2609562000,2610529000,2611051000,2611095000,2610645000,2609670000,2608180000,2606152000,2603600000,2600517000,2596919000,2592578000
Uruguay,URY,3496000,3506000,3516000,3526000,3536000,3545000,3553000,3562000,3569000,3577000,3584000,3591000,3597000,3603000,3608000,3613000,3617000,3621000,3624000,3628000,3630000,3633000,3635000,3636000,3638000,3639000,3639000,3639000,3639000
Uzbekistan,UZB,35374000,35813000,36236000,36643000,37036000,37418000,37790000,38154000,38511000,38863000,39210000,39552000,39891000,40226000,40557000,40884000,41204000,41519000,41825000,42122000,42408000,42681000,42942000,43189000,43423000,43642000,43848000,44041000,44220000
Vanuatu,VUT,322000,329000,337000,344000,352000,360000,368000,375000,383000,391000,400000,408000,416000,425000,433000,442000,450000,459000,468000,476000,485000,494000,503000,512000,521000,530000,539000,548000,557000
"Venezuela, RB",VEN,29267000,30017000,30794000,31481000,32049000,32528000,32932000,33290000,33626000,33936000,34208000,34450000,34672000,34884000,35089000,35286000,35474000,35652000,35819000,35975000,36123000,36261000,36392000,36515000,36630000,36739000,36841000,36935000,37023000
Vietnam,VNM,98954000,99699000,100414000,101107000,101779000,102426000,103043000,103624000,104164000,104660000,105118000,105539000,105930000,106296000,106638000,106955000,107252000,107531000,107795000,108045000,108281000,108503000,108710000,108901000,109077000,109237000,109379000,109503000,109605000
Virgin Islands (U.S.),VIR,106000,105000,105000,104000,104000,103000,103000,102000,102000,101000,101000,100000,99000,99000,98000,98000,97000,96000,95000,95000,94000,93000,92000,92000,91000,90000,89000,88000,88000
West Bank and Gaza,PSE,5039000,5155000,5272000,5389000,5506000,5623000,5741000,5859000,5977000,6096000,6214000,6333000,6453000,6572000,6691000,6810000,6928000,7047000,7165000,7282000,7399000,7515000,7631000,7746000,7860000,7973000,8085000,8196000,8307000
World,WLD,7914463000,7991677000,8067968000,8143284000,8217569000,8290811000,8363023000,8434204000,8504379000,8573549000,8641682000,8708738000,8774684000,8839525000,8903254000,8965937000,9027568000,9088198000,9147795000,9206325000,9263742000,9320015000,9375097000,9428987000,9481630000,9533058000,9583248000,9632201000,9679556000
"Yemen, Rep.",YEM,31155000,31818000,32480000,33140000,33798000,34454000,35107000,35758000,36407000,37053000,37696000,38336000,38972000,39603000,40229000,40850000,41464000,42071000,42670000,43260000,43842000,44413000,44974000,45523000,46060000,46585000,47096000,47595000,48080000
Zambia,ZMB,19470000,20033000,20608000,21197000,21798000,22412000,23039000,23677000,24326000,24985000,25655000,26335000,27024000,27722000,28429000,29144000,29867000,30599000,31338000,32086000,32841000,33604000,34373000,35149000,35931000,36719000,37514000,38314000,39121000
Zimbabwe,ZWE,15331000,15581000,15841000,16110000,16390000,16680000,16979000,17285000,17596000,17912000,18233000,18557000,18883000,19212000,19542000,19874000,20205000,20535000,20864000,21190000,21514000,21835000,22152000,22465000,22772000,23075000,23372000,23663000,23948000
,,,,,,,,,,,,,,,,,,,,,,,,,,,,,,
,,,,,,,,,,,,,,,,,,,,,,,,,,,,,,
,,,,,,,,,,,,,,,,,,,,,,,,,,,,,,
Data from database: Population estimates and projections,,,,,,,,,,,,,,,,,,,,,,,,,,,,,,
Last Updated: 07/01/2022,,,,,,,,,,,,,,,,,,,,,,,,,,,,,,
