Year,Age,Male_Germans,Female_Germans,Age_Demographic
2000,0,1649,1204,age_0_25
2000,1,153,112,age_0_25
2000,2,78,70,age_0_25
2000,3,75,51,age_0_25
2000,4,53,36,age_0_25
2000,5,37,38,age_0_25
2000,6,56,32,age_0_25
2000,7,40,37,age_0_25
2000,8,50,34,age_0_25
2000,9,55,33,age_0_25
2000,10,46,41,age_0_25
2000,11,67,46,age_0_25
2000,12,68,38,age_0_25
2000,13,68,51,age_0_25
2000,14,76,54,age_0_25
2000,15,95,78,age_0_25
2000,16,195,85,age_0_25
2000,17,257,115,age_0_25
2000,18,411,144,age_0_25
2000,19,418,148,age_0_25
2000,20,445,143,age_0_25
2000,21,386,118,age_0_25
2000,22,377,124,age_0_25
2000,23,338,126,age_0_25
2000,24,367,116,age_0_25
2000,25,303,96,age_0_25
2000,26,345,113,age_26_50
2000,27,344,138,age_26_50
2000,28,406,155,age_26_50
2000,29,467,179,age_26_50
2000,30,505,169,age_26_50
2000,31,551,242,age_26_50
2000,32,624,284,age_26_50
2000,33,668,313,age_26_50
2000,34,775,350,age_26_50
2000,35,807,388,age_26_50
2000,36,904,420,age_26_50
2000,37,987,481,age_26_50
2000,38,1083,560,age_26_50
2000,39,1143,559,age_26_50
2000,40,1308,582,age_26_50
2000,41,1390,668,age_26_50
2000,42,1509,785,age_26_50
2000,43,1614,805,age_26_50
2000,44,1767,867,age_26_50
2000,45,1863,933,age_26_50
2000,46,2020,997,age_26_50
2000,47,2103,1086,age_26_50
2000,48,2345,1189,age_26_50
2000,49,2558,1259,age_26_50
2000,50,2602,1366,age_26_50
2000,51,2796,1417,age_51_75
2000,52,2654,1435,age_51_75
2000,53,2886,1428,age_51_75
2000,54,2520,1269,age_51_75
2000,55,3182,1560,age_51_75
2000,56,4040,2077,age_51_75
2000,57,4301,2133,age_51_75
2000,58,5371,2570,age_51_75
2000,59,6209,2946,age_51_75
2000,60,7297,3470,age_51_75
2000,61,7568,3628,age_51_75
2000,62,7549,3665,age_51_75
2000,63,8057,3841,age_51_75
2000,64,8236,4259,age_51_75
2000,65,9243,4608,age_51_75
2000,66,8495,4429,age_51_75
2000,67,8355,4333,age_51_75
2000,68,9100,4976,age_51_75
2000,69,10017,5685,age_51_75
2000,70,11299,6686,age_51_75
2000,71,11913,7179,age_51_75
2000,72,11606,7957,age_51_75
2000,73,10973,8633,age_51_75
2000,74,11063,9726,age_51_75
2000,75,10629,10939,age_51_75
2000,76,10169,11942,age_76_100
2000,77,11130,13168,age_76_100
2000,78,12212,15210,age_76_100
2000,79,12506,17104,age_76_100
2000,80,11951,17915,age_76_100
2000,81,7235,11137,age_76_100
2000,82,6228,9914,age_76_100
2000,83,6605,11444,age_76_100
2000,84,7259,13642,age_76_100
2000,85,9820,20142,age_76_100
2000,86,10226,21708,age_76_100
2000,87,9645,22052,age_76_100
2000,88,8487,20802,age_76_100
2000,89,7329,19556,age_76_100
2000,90,6367,17967,age_76_100
2000,91,5334,16157,age_76_100
2000,92,4228,13931,age_76_100
2000,93,3216,11213,age_76_100
2000,94,2422,8731,age_76_100
2000,95,1721,6610,age_76_100
2000,96,1254,4828,age_76_100
2000,97,820,3593,age_76_100
2000,98,484,2562,age_76_100
2000,99,321,1594,age_76_100
2000,100,422,2503,age_76_100
2001,0,1581,1143,age_0_25
2001,1,150,118,age_0_25
2001,2,100,65,age_0_25
2001,3,95,53,age_0_25
2001,4,53,59,age_0_25
2001,5,46,28,age_0_25
2001,6,43,42,age_0_25
2001,7,42,23,age_0_25
2001,8,41,33,age_0_25
2001,9,53,31,age_0_25
2001,10,47,35,age_0_25
2001,11,55,36,age_0_25
2001,12,69,41,age_0_25
2001,13,89,58,age_0_25
2001,14,95,65,age_0_25
2001,15,103,64,age_0_25
2001,16,185,82,age_0_25
2001,17,195,101,age_0_25
2001,18,405,145,age_0_25
2001,19,386,175,age_0_25
2001,20,408,147,age_0_25
2001,21,381,132,age_0_25
2001,22,359,99,age_0_25
2001,23,360,113,age_0_25
2001,24,312,106,age_0_25
2001,25,317,103,age_0_25
2001,26,292,101,age_26_50
2001,27,322,133,age_26_50
2001,28,329,127,age_26_50
2001,29,380,148,age_26_50
2001,30,424,161,age_26_50
2001,31,489,183,age_26_50
2001,32,572,223,age_26_50
2001,33,614,251,age_26_50
2001,34,664,295,age_26_50
2001,35,809,399,age_26_50
2001,36,853,442,age_26_50
2001,37,907,490,age_26_50
2001,38,1072,525,age_26_50
2001,39,1147,584,age_26_50
2001,40,1251,646,age_26_50
2001,41,1333,701,age_26_50
2001,42,1481,679,age_26_50
2001,43,1575,762,age_26_50
2001,44,1672,863,age_26_50
2001,45,1833,896,age_26_50
2001,46,2045,1009,age_26_50
2001,47,2206,1066,age_26_50
2001,48,2288,1169,age_26_50
2001,49,2428,1289,age_26_50
2001,50,2597,1386,age_26_50
2001,51,2797,1420,age_51_75
2001,52,2880,1500,age_51_75
2001,53,2812,1529,age_51_75
2001,54,3034,1554,age_51_75
2001,55,2680,1346,age_51_75
2001,56,3283,1714,age_51_75
2001,57,4455,2146,age_51_75
2001,58,4529,2261,age_51_75
2001,59,5569,2656,age_51_75
2001,60,6648,3050,age_51_75
2001,61,7630,3766,age_51_75
2001,62,7712,3799,age_51_75
2001,63,7873,3862,age_51_75
2001,64,8289,4161,age_51_75
2001,65,8649,4487,age_51_75
2001,66,9324,4926,age_51_75
2001,67,8567,4617,age_51_75
2001,68,8468,4573,age_51_75
2001,69,9315,5372,age_51_75
2001,70,10551,6109,age_51_75
2001,71,11563,6929,age_51_75
2001,72,11901,7701,age_51_75
2001,73,11729,8368,age_51_75
2001,74,11245,9206,age_51_75
2001,75,11152,10334,age_51_75
2001,76,10742,11652,age_76_100
2001,77,10589,12390,age_76_100
2001,78,11103,13923,age_76_100
2001,79,12010,16475,age_76_100
2001,80,12324,18000,age_76_100
2001,81,12083,18694,age_76_100
2001,82,6854,11518,age_76_100
2001,83,5768,10195,age_76_100
2001,84,6094,11402,age_76_100
2001,85,6758,13665,age_76_100
2001,86,9275,20247,age_76_100
2001,87,9389,21452,age_76_100
2001,88,8591,21047,age_76_100
2001,89,7437,19624,age_76_100
2001,90,6172,17922,age_76_100
2001,91,5380,16826,age_76_100
2001,92,4273,14267,age_76_100
2001,93,3223,11917,age_76_100
2001,94,2557,9470,age_76_100
2001,95,1896,7130,age_76_100
2001,96,1295,5272,age_76_100
2001,97,857,3795,age_76_100
2001,98,552,2620,age_76_100
2001,99,324,1782,age_76_100
2001,100,449,2781,age_76_100
2002,0,1493,1215,age_0_25
2002,1,139,136,age_0_25
2002,2,73,66,age_0_25
2002,3,64,60,age_0_25
2002,4,44,49,age_0_25
2002,5,54,37,age_0_25
2002,6,38,33,age_0_25
2002,7,42,26,age_0_25
2002,8,41,31,age_0_25
2002,9,28,25,age_0_25
2002,10,38,26,age_0_25
2002,11,54,36,age_0_25
2002,12,62,44,age_0_25
2002,13,58,53,age_0_25
2002,14,78,48,age_0_25
2002,15,103,85,age_0_25
2002,16,203,85,age_0_25
2002,17,229,93,age_0_25
2002,18,382,133,age_0_25
2002,19,397,117,age_0_25
2002,20,366,138,age_0_25
2002,21,377,122,age_0_25
2002,22,372,126,age_0_25
2002,23,342,115,age_0_25
2002,24,304,123,age_0_25
2002,25,287,108,age_0_25
2002,26,269,100,age_26_50
2002,27,284,123,age_26_50
2002,28,310,138,age_26_50
2002,29,334,110,age_26_50
2002,30,386,160,age_26_50
2002,31,420,190,age_26_50
2002,32,468,217,age_26_50
2002,33,566,229,age_26_50
2002,34,645,303,age_26_50
2002,35,713,337,age_26_50
2002,36,801,397,age_26_50
2002,37,895,435,age_26_50
2002,38,1050,468,age_26_50
2002,39,1116,549,age_26_50
2002,40,1292,602,age_26_50
2002,41,1323,659,age_26_50
2002,42,1470,759,age_26_50
2002,43,1584,849,age_26_50
2002,44,1732,879,age_26_50
2002,45,1951,1003,age_26_50
2002,46,2004,1001,age_26_50
2002,47,2173,1105,age_26_50
2002,48,2337,1133,age_26_50
2002,49,2480,1306,age_26_50
2002,50,2734,1346,age_26_50
2002,51,2800,1506,age_51_75
2002,52,3114,1596,age_51_75
2002,53,3065,1624,age_51_75
2002,54,3153,1593,age_51_75
2002,55,3291,1714,age_51_75
2002,56,2826,1390,age_51_75
2002,57,3504,1897,age_51_75
2002,58,4636,2326,age_51_75
2002,59,4919,2315,age_51_75
2002,60,5841,2957,age_51_75
2002,61,6894,3235,age_51_75
2002,62,8127,3932,age_51_75
2002,63,8342,4147,age_51_75
2002,64,8161,4061,age_51_75
2002,65,8793,4500,age_51_75
2002,66,9092,4878,age_51_75
2002,67,10114,5269,age_51_75
2002,68,8963,5099,age_51_75
2002,69,8735,4940,age_51_75
2002,70,9689,5694,age_51_75
2002,71,10977,6819,age_51_75
2002,72,11845,7505,age_51_75
2002,73,12555,8426,age_51_75
2002,74,12367,9174,age_51_75
2002,75,11663,10274,age_51_75
2002,76,11534,11426,age_76_100
2002,77,11164,12597,age_76_100
2002,78,10749,13498,age_76_100
2002,79,11245,15097,age_76_100
2002,80,12322,17783,age_76_100
2002,81,12448,19726,age_76_100
2002,82,11976,19723,age_76_100
2002,83,6976,12268,age_76_100
2002,84,5834,10918,age_76_100
2002,85,6067,11763,age_76_100
2002,86,6451,14060,age_76_100
2002,87,8727,20402,age_76_100
2002,88,8793,21605,age_76_100
2002,89,7781,20998,age_76_100
2002,90,6593,19241,age_76_100
2002,91,5568,16873,age_76_100
2002,92,4532,15089,age_76_100
2002,93,3578,12727,age_76_100
2002,94,2652,10313,age_76_100
2002,95,2024,8146,age_76_100
2002,96,1304,5913,age_76_100
2002,97,900,4191,age_76_100
2002,98,591,2940,age_76_100
2002,99,338,1912,age_76_100
2002,100,449,3120,age_76_100
2003,0,1502,1158,age_0_25
2003,1,143,117,age_0_25
2003,2,69,66,age_0_25
2003,3,69,55,age_0_25
2003,4,51,31,age_0_25
2003,5,53,46,age_0_25
2003,6,49,36,age_0_25
2003,7,51,36,age_0_25
2003,8,51,33,age_0_25
2003,9,39,24,age_0_25
2003,10,37,37,age_0_25
2003,11,63,34,age_0_25
2003,12,53,32,age_0_25
2003,13,61,36,age_0_25
2003,14,97,62,age_0_25
2003,15,115,68,age_0_25
2003,16,167,92,age_0_25
2003,17,237,104,age_0_25
2003,18,315,113,age_0_25
2003,19,365,117,age_0_25
2003,20,358,139,age_0_25
2003,21,365,110,age_0_25
2003,22,323,119,age_0_25
2003,23,328,122,age_0_25
2003,24,323,92,age_0_25
2003,25,343,102,age_0_25
2003,26,330,117,age_26_50
2003,27,312,112,age_26_50
2003,28,305,110,age_26_50
2003,29,283,129,age_26_50
2003,30,316,145,age_26_50
2003,31,423,175,age_26_50
2003,32,447,161,age_26_50
2003,33,504,218,age_26_50
2003,34,612,304,age_26_50
2003,35,729,321,age_26_50
2003,36,789,360,age_26_50
2003,37,825,384,age_26_50
2003,38,965,512,age_26_50
2003,39,1108,556,age_26_50
2003,40,1182,581,age_26_50
2003,41,1318,674,age_26_50
2003,42,1487,742,age_26_50
2003,43,1652,808,age_26_50
2003,44,1668,870,age_26_50
2003,45,1892,887,age_26_50
2003,46,2063,1032,age_26_50
2003,47,2209,1040,age_26_50
2003,48,2342,1178,age_26_50
2003,49,2510,1281,age_26_50
2003,50,2721,1356,age_26_50
2003,51,2803,1464,age_51_75
2003,52,3092,1611,age_51_75
2003,53,3310,1638,age_51_75
2003,54,3366,1739,age_51_75
2003,55,3341,1627,age_51_75
2003,56,3396,1797,age_51_75
2003,57,2979,1549,age_51_75
2003,58,3909,2000,age_51_75
2003,59,4976,2448,age_51_75
2003,60,5052,2510,age_51_75
2003,61,6249,3098,age_51_75
2003,62,7390,3595,age_51_75
2003,63,8373,4139,age_51_75
2003,64,8766,4247,age_51_75
2003,65,8852,4449,age_51_75
2003,66,9364,4744,age_51_75
2003,67,9794,5145,age_51_75
2003,68,10750,5691,age_51_75
2003,69,9439,5340,age_51_75
2003,70,9167,5540,age_51_75
2003,71,10152,6249,age_51_75
2003,72,11711,7422,age_51_75
2003,73,12396,8320,age_51_75
2003,74,13065,9147,age_51_75
2003,75,12910,10107,age_51_75
2003,76,12221,10930,age_76_100
2003,77,12131,12422,age_76_100
2003,78,11702,13839,age_76_100
2003,79,10990,14659,age_76_100
2003,80,11774,16827,age_76_100
2003,81,12399,19178,age_76_100
2003,82,12654,20885,age_76_100
2003,83,12009,21226,age_76_100
2003,84,6779,12821,age_76_100
2003,85,5517,11396,age_76_100
2003,86,5855,12336,age_76_100
2003,87,6197,14490,age_76_100
2003,88,8235,20465,age_76_100
2003,89,7923,21221,age_76_100
2003,90,7129,20092,age_76_100
2003,91,5942,18246,age_76_100
2003,92,4678,15412,age_76_100
2003,93,3741,13310,age_76_100
2003,94,2747,10966,age_76_100
2003,95,2014,8663,age_76_100
2003,96,1465,6547,age_76_100
2003,97,976,4520,age_76_100
2003,98,654,3175,age_76_100
2003,99,370,2037,age_76_100
2003,100,506,3341,age_76_100
2004,0,1452,1157,age_0_25
2004,1,130,104,age_0_25
2004,2,63,63,age_0_25
2004,3,57,49,age_0_25
2004,4,42,46,age_0_25
2004,5,48,42,age_0_25
2004,6,35,28,age_0_25
2004,7,39,27,age_0_25
2004,8,39,32,age_0_25
2004,9,36,16,age_0_25
2004,10,27,23,age_0_25
2004,11,49,35,age_0_25
2004,12,44,25,age_0_25
2004,13,49,33,age_0_25
2004,14,76,40,age_0_25
2004,15,97,75,age_0_25
2004,16,158,97,age_0_25
2004,17,210,80,age_0_25
2004,18,314,118,age_0_25
2004,19,323,116,age_0_25
2004,20,300,135,age_0_25
2004,21,324,105,age_0_25
2004,22,327,109,age_0_25
2004,23,319,104,age_0_25
2004,24,301,127,age_0_25
2004,25,303,88,age_0_25
2004,26,296,122,age_26_50
2004,27,273,123,age_26_50
2004,28,293,104,age_26_50
2004,29,258,123,age_26_50
2004,30,272,119,age_26_50
2004,31,319,142,age_26_50
2004,32,422,176,age_26_50
2004,33,458,198,age_26_50
2004,34,529,221,age_26_50
2004,35,627,281,age_26_50
2004,36,695,312,age_26_50
2004,37,778,387,age_26_50
2004,38,910,423,age_26_50
2004,39,1040,495,age_26_50
2004,40,1149,546,age_26_50
2004,41,1284,606,age_26_50
2004,42,1492,687,age_26_50
2004,43,1610,788,age_26_50
2004,44,1701,787,age_26_50
2004,45,1809,886,age_26_50
2004,46,1990,1047,age_26_50
2004,47,2113,1123,age_26_50
2004,48,2233,1168,age_26_50
2004,49,2443,1304,age_26_50
2004,50,2607,1336,age_26_50
2004,51,2701,1413,age_51_75
2004,52,3092,1521,age_51_75
2004,53,3313,1584,age_51_75
2004,54,3445,1711,age_51_75
2004,55,3503,1804,age_51_75
2004,56,3371,1773,age_51_75
2004,57,3614,1858,age_51_75
2004,58,3079,1683,age_51_75
2004,59,4014,2118,age_51_75
2004,60,5166,2570,age_51_75
2004,61,5266,2568,age_51_75
2004,62,6578,3238,age_51_75
2004,63,7617,3730,age_51_75
2004,64,8632,4267,age_51_75
2004,65,9079,4470,age_51_75
2004,66,9084,4651,age_51_75
2004,67,9336,4983,age_51_75
2004,68,9924,5361,age_51_75
2004,69,10504,6049,age_51_75
2004,70,9778,5523,age_51_75
2004,71,9124,5694,age_51_75
2004,72,10156,6443,age_51_75
2004,73,11450,7636,age_51_75
2004,74,12417,8562,age_51_75
2004,75,13140,9459,age_51_75
2004,76,12718,10456,age_76_100
2004,77,12005,11239,age_76_100
2004,78,11980,12795,age_76_100
2004,79,11404,14180,age_76_100
2004,80,10619,15032,age_76_100
2004,81,11214,16762,age_76_100
2004,82,11924,19154,age_76_100
2004,83,12046,20708,age_76_100
2004,84,11052,20901,age_76_100
2004,85,6249,12584,age_76_100
2004,86,5192,10913,age_76_100
2004,87,5182,11803,age_76_100
2004,88,5335,13249,age_76_100
2004,89,6808,18540,age_76_100
2004,90,6584,19053,age_76_100
2004,91,5817,17635,age_76_100
2004,92,4645,15387,age_76_100
2004,93,3590,12723,age_76_100
2004,94,2714,10517,age_76_100
2004,95,2044,8560,age_76_100
2004,96,1499,6329,age_76_100
2004,97,979,4752,age_76_100
2004,98,620,3108,age_76_100
2004,99,384,2126,age_76_100
2004,100,484,3355,age_76_100
2005,0,1376,1020,age_0_25
2005,1,125,105,age_0_25
2005,2,66,68,age_0_25
2005,3,66,40,age_0_25
2005,4,56,33,age_0_25
2005,5,44,33,age_0_25
2005,6,42,47,age_0_25
2005,7,38,39,age_0_25
2005,8,40,24,age_0_25
2005,9,41,25,age_0_25
2005,10,26,29,age_0_25
2005,11,28,41,age_0_25
2005,12,52,32,age_0_25
2005,13,68,38,age_0_25
2005,14,70,64,age_0_25
2005,15,93,66,age_0_25
2005,16,151,61,age_0_25
2005,17,187,91,age_0_25
2005,18,300,111,age_0_25
2005,19,270,93,age_0_25
2005,20,284,97,age_0_25
2005,21,297,97,age_0_25
2005,22,280,99,age_0_25
2005,23,297,105,age_0_25
2005,24,307,101,age_0_25
2005,25,281,106,age_0_25
2005,26,295,101,age_26_50
2005,27,320,96,age_26_50
2005,28,272,102,age_26_50
2005,29,292,114,age_26_50
2005,30,275,142,age_26_50
2005,31,328,134,age_26_50
2005,32,334,160,age_26_50
2005,33,415,187,age_26_50
2005,34,476,215,age_26_50
2005,35,535,268,age_26_50
2005,36,636,314,age_26_50
2005,37,660,373,age_26_50
2005,38,829,370,age_26_50
2005,39,967,497,age_26_50
2005,40,1103,543,age_26_50
2005,41,1239,591,age_26_50
2005,42,1343,729,age_26_50
2005,43,1518,791,age_26_50
2005,44,1667,877,age_26_50
2005,45,1785,933,age_26_50
2005,46,1974,998,age_26_50
2005,47,2107,1053,age_26_50
2005,48,2249,1176,age_26_50
2005,49,2423,1289,age_26_50
2005,50,2587,1329,age_26_50
2005,51,2787,1358,age_51_75
2005,52,3051,1514,age_51_75
2005,53,3214,1675,age_51_75
2005,54,3568,1765,age_51_75
2005,55,3750,1940,age_51_75
2005,56,3885,1912,age_51_75
2005,57,3671,1936,age_51_75
2005,58,3870,1982,age_51_75
2005,59,3247,1720,age_51_75
2005,60,4185,2294,age_51_75
2005,61,5337,2819,age_51_75
2005,62,5738,2962,age_51_75
2005,63,6852,3455,age_51_75
2005,64,7973,3981,age_51_75
2005,65,9347,4578,age_51_75
2005,66,9322,4860,age_51_75
2005,67,9423,5025,age_51_75
2005,68,9820,5301,age_51_75
2005,69,10334,5957,age_51_75
2005,70,11033,6370,age_51_75
2005,71,10066,6096,age_51_75
2005,72,9643,6118,age_51_75
2005,73,10450,6905,age_51_75
2005,74,11737,8137,age_51_75
2005,75,12812,9210,age_51_75
2005,76,13358,10332,age_76_100
2005,77,13350,11052,age_76_100
2005,78,12415,12251,age_76_100
2005,79,12262,14019,age_76_100
2005,80,11568,15463,age_76_100
2005,81,10852,16383,age_76_100
2005,82,11410,17985,age_76_100
2005,83,12120,20745,age_76_100
2005,84,11950,21796,age_76_100
2005,85,11005,22131,age_76_100
2005,86,6031,12994,age_76_100
2005,87,4863,10993,age_76_100
2005,88,4797,12007,age_76_100
2005,89,5066,13319,age_76_100
2005,90,6194,18158,age_76_100
2005,91,5941,18150,age_76_100
2005,92,4849,16443,age_76_100
2005,93,3862,13435,age_76_100
2005,94,2775,11086,age_76_100
2005,95,2285,9106,age_76_100
2005,96,1539,7079,age_76_100
2005,97,1084,5165,age_76_100
2005,98,734,3605,age_76_100
2005,99,454,2323,age_76_100
2005,100,558,3612,age_76_100
2006,0,1293,1016,age_0_25
2006,1,111,76,age_0_25
2006,2,63,55,age_0_25
2006,3,55,39,age_0_25
2006,4,48,34,age_0_25
2006,5,45,28,age_0_25
2006,6,34,24,age_0_25
2006,7,37,21,age_0_25
2006,8,31,24,age_0_25
2006,9,36,22,age_0_25
2006,10,26,20,age_0_25
2006,11,32,24,age_0_25
2006,12,49,28,age_0_25
2006,13,46,47,age_0_25
2006,14,53,48,age_0_25
2006,15,87,64,age_0_25
2006,16,133,59,age_0_25
2006,17,182,74,age_0_25
2006,18,285,104,age_0_25
2006,19,293,115,age_0_25
2006,20,286,91,age_0_25
2006,21,271,79,age_0_25
2006,22,283,121,age_0_25
2006,23,267,126,age_0_25
2006,24,260,78,age_0_25
2006,25,284,105,age_0_25
2006,26,314,103,age_26_50
2006,27,236,112,age_26_50
2006,28,267,92,age_26_50
2006,29,265,114,age_26_50
2006,30,270,126,age_26_50
2006,31,274,121,age_26_50
2006,32,299,128,age_26_50
2006,33,334,157,age_26_50
2006,34,421,195,age_26_50
2006,35,469,243,age_26_50
2006,36,531,300,age_26_50
2006,37,670,334,age_26_50
2006,38,768,385,age_26_50
2006,39,907,425,age_26_50
2006,40,1040,524,age_26_50
2006,41,1129,598,age_26_50
2006,42,1311,692,age_26_50
2006,43,1462,773,age_26_50
2006,44,1693,768,age_26_50
2006,45,1782,997,age_26_50
2006,46,1856,1030,age_26_50
2006,47,2085,1095,age_26_50
2006,48,2225,1094,age_26_50
2006,49,2425,1221,age_26_50
2006,50,2516,1355,age_26_50
2006,51,2882,1436,age_51_75
2006,52,3021,1506,age_51_75
2006,53,3133,1573,age_51_75
2006,54,3461,1732,age_51_75
2006,55,3641,1778,age_51_75
2006,56,3876,2015,age_51_75
2006,57,3868,2089,age_51_75
2006,58,4013,2009,age_51_75
2006,59,4103,2060,age_51_75
2006,60,3534,1789,age_51_75
2006,61,4463,2534,age_51_75
2006,62,5569,2886,age_51_75
2006,63,5905,3009,age_51_75
2006,64,6956,3539,age_51_75
2006,65,8335,4240,age_51_75
2006,66,9557,4889,age_51_75
2006,67,9703,5068,age_51_75
2006,68,9825,5242,age_51_75
2006,69,10037,5583,age_51_75
2006,70,10628,6217,age_51_75
2006,71,11487,6789,age_51_75
2006,72,10278,6492,age_51_75
2006,73,9880,6577,age_51_75
2006,74,10991,7516,age_51_75
2006,75,11997,8782,age_51_75
2006,76,13081,10069,age_76_100
2006,77,13398,10974,age_76_100
2006,78,13368,11947,age_76_100
2006,79,12350,13187,age_76_100
2006,80,12168,15191,age_76_100
2006,81,11537,16297,age_76_100
2006,82,10945,17238,age_76_100
2006,83,11186,18941,age_76_100
2006,84,11861,21097,age_76_100
2006,85,11234,22535,age_76_100
2006,86,10219,22264,age_76_100
2006,87,5452,12716,age_76_100
2006,88,4524,10845,age_76_100
2006,89,4334,11335,age_76_100
2006,90,4392,12315,age_76_100
2006,91,5455,16537,age_76_100
2006,92,4882,15970,age_76_100
2006,93,3937,13997,age_76_100
2006,94,3075,11398,age_76_100
2006,95,2150,8982,age_76_100
2006,96,1634,7148,age_76_100
2006,97,1093,5306,age_76_100
2006,98,749,3691,age_76_100
2006,99,483,2542,age_76_100
2006,100,579,3937,age_76_100
2007,0,1392,1039,age_0_25
2007,1,121,99,age_0_25
2007,2,49,52,age_0_25
2007,3,56,44,age_0_25
2007,4,51,38,age_0_25
2007,5,48,25,age_0_25
2007,6,40,21,age_0_25
2007,7,35,25,age_0_25
2007,8,41,18,age_0_25
2007,9,24,20,age_0_25
2007,10,30,26,age_0_25
2007,11,33,24,age_0_25
2007,12,40,25,age_0_25
2007,13,29,33,age_0_25
2007,14,57,42,age_0_25
2007,15,76,48,age_0_25
2007,16,151,59,age_0_25
2007,17,142,77,age_0_25
2007,18,262,100,age_0_25
2007,19,287,104,age_0_25
2007,20,301,88,age_0_25
2007,21,284,98,age_0_25
2007,22,274,101,age_0_25
2007,23,268,103,age_0_25
2007,24,275,100,age_0_25
2007,25,283,99,age_0_25
2007,26,290,105,age_26_50
2007,27,293,107,age_26_50
2007,28,288,109,age_26_50
2007,29,266,136,age_26_50
2007,30,261,104,age_26_50
2007,31,312,129,age_26_50
2007,32,303,138,age_26_50
2007,33,313,169,age_26_50
2007,34,353,161,age_26_50
2007,35,428,201,age_26_50
2007,36,527,246,age_26_50
2007,37,583,287,age_26_50
2007,38,677,345,age_26_50
2007,39,792,474,age_26_50
2007,40,926,433,age_26_50
2007,41,1040,555,age_26_50
2007,42,1206,673,age_26_50
2007,43,1452,719,age_26_50
2007,44,1545,741,age_26_50
2007,45,1683,923,age_26_50
2007,46,1904,1014,age_26_50
2007,47,2084,1103,age_26_50
2007,48,2337,1144,age_26_50
2007,49,2411,1162,age_26_50
2007,50,2565,1368,age_26_50
2007,51,2751,1424,age_51_75
2007,52,2968,1522,age_51_75
2007,53,3153,1623,age_51_75
2007,54,3373,1671,age_51_75
2007,55,3683,1962,age_51_75
2007,56,3885,2009,age_51_75
2007,57,3951,2117,age_51_75
2007,58,4261,2199,age_51_75
2007,59,4145,2095,age_51_75
2007,60,4284,2264,age_51_75
2007,61,3707,1957,age_51_75
2007,62,4733,2429,age_51_75
2007,63,6022,3084,age_51_75
2007,64,6226,3159,age_51_75
2007,65,7585,3864,age_51_75
2007,66,8875,4509,age_51_75
2007,67,9958,5227,age_51_75
2007,68,10087,5564,age_51_75
2007,69,10133,5839,age_51_75
2007,70,10564,6062,age_51_75
2007,71,11060,6660,age_51_75
2007,72,11860,7441,age_51_75
2007,73,10530,6853,age_51_75
2007,74,10307,6897,age_51_75
2007,75,11456,8116,age_51_75
2007,76,12431,9354,age_76_100
2007,77,13288,10690,age_76_100
2007,78,14040,11876,age_76_100
2007,79,13505,12785,age_76_100
2007,80,13040,14193,age_76_100
2007,81,12720,16041,age_76_100
2007,82,11645,17340,age_76_100
2007,83,10829,18162,age_76_100
2007,84,10853,19459,age_76_100
2007,85,11207,21871,age_76_100
2007,86,11137,22689,age_76_100
2007,87,9911,22421,age_76_100
2007,88,5306,12795,age_76_100
2007,89,4003,10666,age_76_100
2007,90,3888,10753,age_76_100
2007,91,3885,11420,age_76_100
2007,92,4596,15005,age_76_100
2007,93,4054,14228,age_76_100
2007,94,3326,12164,age_76_100
2007,95,2484,9475,age_76_100
2007,96,1605,7387,age_76_100
2007,97,1152,5704,age_76_100
2007,98,789,4050,age_76_100
2007,99,509,2771,age_76_100
2007,100,659,4365,age_76_100
2008,0,1269,949,age_0_25
2008,1,95,86,age_0_25
2008,2,79,56,age_0_25
2008,3,47,47,age_0_25
2008,4,37,45,age_0_25
2008,5,35,31,age_0_25
2008,6,38,26,age_0_25
2008,7,33,23,age_0_25
2008,8,31,28,age_0_25
2008,9,36,23,age_0_25
2008,10,31,26,age_0_25
2008,11,36,29,age_0_25
2008,12,43,21,age_0_25
2008,13,34,36,age_0_25
2008,14,63,46,age_0_25
2008,15,81,45,age_0_25
2008,16,114,61,age_0_25
2008,17,155,82,age_0_25
2008,18,264,84,age_0_25
2008,19,253,86,age_0_25
2008,20,264,92,age_0_25
2008,21,271,92,age_0_25
2008,22,235,93,age_0_25
2008,23,273,84,age_0_25
2008,24,259,102,age_0_25
2008,25,264,104,age_0_25
2008,26,287,127,age_26_50
2008,27,272,130,age_26_50
2008,28,261,116,age_26_50
2008,29,296,98,age_26_50
2008,30,288,111,age_26_50
2008,31,297,127,age_26_50
2008,32,311,109,age_26_50
2008,33,323,126,age_26_50
2008,34,335,155,age_26_50
2008,35,365,205,age_26_50
2008,36,455,227,age_26_50
2008,37,546,260,age_26_50
2008,38,617,339,age_26_50
2008,39,728,404,age_26_50
2008,40,898,455,age_26_50
2008,41,1022,521,age_26_50
2008,42,1136,603,age_26_50
2008,43,1314,699,age_26_50
2008,44,1460,761,age_26_50
2008,45,1656,882,age_26_50
2008,46,1882,1044,age_26_50
2008,47,2027,1149,age_26_50
2008,48,2194,1146,age_26_50
2008,49,2436,1282,age_26_50
2008,50,2571,1358,age_26_50
2008,51,2693,1399,age_51_75
2008,52,2984,1559,age_51_75
2008,53,3162,1609,age_51_75
2008,54,3430,1681,age_51_75
2008,55,3504,1877,age_51_75
2008,56,3900,1925,age_51_75
2008,57,4048,2156,age_51_75
2008,58,4425,2292,age_51_75
2008,59,4490,2308,age_51_75
2008,60,4521,2372,age_51_75
2008,61,4652,2467,age_51_75
2008,62,3989,2191,age_51_75
2008,63,5052,2727,age_51_75
2008,64,6196,3366,age_51_75
2008,65,6502,3423,age_51_75
2008,66,7907,4227,age_51_75
2008,67,9011,4975,age_51_75
2008,68,10282,5800,age_51_75
2008,69,10695,6041,age_51_75
2008,70,10564,6224,age_51_75
2008,71,10932,6596,age_51_75
2008,72,11494,7303,age_51_75
2008,73,12357,8162,age_51_75
2008,74,11319,7489,age_51_75
2008,75,10689,7758,age_51_75
2008,76,11723,8865,age_76_100
2008,77,13082,10326,age_76_100
2008,78,14004,11845,age_76_100
2008,79,14358,12860,age_76_100
2008,80,14172,14184,age_76_100
2008,81,13331,15441,age_76_100
2008,82,12831,17313,age_76_100
2008,83,11772,18728,age_76_100
2008,84,10715,19172,age_76_100
2008,85,11101,21012,age_76_100
2008,86,11241,22963,age_76_100
2008,87,10280,23853,age_76_100
2008,88,9161,22731,age_76_100
2008,89,4948,12738,age_76_100
2008,90,3753,10210,age_76_100
2008,91,3455,10483,age_76_100
2008,92,3401,10708,age_76_100
2008,93,3862,13730,age_76_100
2008,94,3332,12649,age_76_100
2008,95,2632,10451,age_76_100
2008,96,1869,7714,age_76_100
2008,97,1207,5896,age_76_100
2008,98,840,4391,age_76_100
2008,99,514,3033,age_76_100
2008,100,751,4962,age_76_100
2009,0,1234,908,age_0_25
2009,1,126,81,age_0_25
2009,2,59,41,age_0_25
2009,3,51,39,age_0_25
2009,4,55,33,age_0_25
2009,5,34,30,age_0_25
2009,6,38,27,age_0_25
2009,7,32,37,age_0_25
2009,8,27,17,age_0_25
2009,9,29,21,age_0_25
2009,10,30,30,age_0_25
2009,11,36,32,age_0_25
2009,12,30,30,age_0_25
2009,13,29,30,age_0_25
2009,14,66,41,age_0_25
2009,15,80,53,age_0_25
2009,16,97,66,age_0_25
2009,17,146,60,age_0_25
2009,18,239,96,age_0_25
2009,19,226,98,age_0_25
2009,20,289,98,age_0_25
2009,21,245,91,age_0_25
2009,22,259,109,age_0_25
2009,23,219,103,age_0_25
2009,24,252,95,age_0_25
2009,25,272,100,age_0_25
2009,26,269,120,age_26_50
2009,27,307,117,age_26_50
2009,28,290,115,age_26_50
2009,29,283,123,age_26_50
2009,30,311,115,age_26_50
2009,31,340,131,age_26_50
2009,32,321,156,age_26_50
2009,33,282,131,age_26_50
2009,34,341,176,age_26_50
2009,35,392,157,age_26_50
2009,36,394,202,age_26_50
2009,37,484,264,age_26_50
2009,38,595,292,age_26_50
2009,39,650,359,age_26_50
2009,40,834,425,age_26_50
2009,41,923,512,age_26_50
2009,42,987,584,age_26_50
2009,43,1270,679,age_26_50
2009,44,1483,746,age_26_50
2009,45,1656,884,age_26_50
2009,46,1796,989,age_26_50
2009,47,2045,1087,age_26_50
2009,48,2268,1167,age_26_50
2009,49,2386,1323,age_26_50
2009,50,2559,1319,age_26_50
2009,51,2914,1419,age_51_75
2009,52,2946,1537,age_51_75
2009,53,3106,1689,age_51_75
2009,54,3484,1717,age_51_75
2009,55,3703,1835,age_51_75
2009,56,3774,1998,age_51_75
2009,57,4213,2107,age_51_75
2009,58,4418,2342,age_51_75
2009,59,4829,2396,age_51_75
2009,60,4866,2581,age_51_75
2009,61,4759,2420,age_51_75
2009,62,4891,2620,age_51_75
2009,63,4012,2253,age_51_75
2009,64,5318,2877,age_51_75
2009,65,6625,3646,age_51_75
2009,66,6751,3765,age_51_75
2009,67,8261,4635,age_51_75
2009,68,9822,5322,age_51_75
2009,69,11055,6257,age_51_75
2009,70,11306,6442,age_51_75
2009,71,11163,6617,age_51_75
2009,72,11643,7292,age_51_75
2009,73,12052,7873,age_51_75
2009,74,12917,8541,age_51_75
2009,75,11543,8258,age_51_75
2009,76,11066,8376,age_76_100
2009,77,12343,9671,age_76_100
2009,78,13576,11431,age_76_100
2009,79,14121,12868,age_76_100
2009,80,14847,14223,age_76_100
2009,81,14461,15204,age_76_100
2009,82,13628,16720,age_76_100
2009,83,12758,18475,age_76_100
2009,84,11933,20127,age_76_100
2009,85,10883,20541,age_76_100
2009,86,10578,21554,age_76_100
2009,87,10925,23873,age_76_100
2009,88,9847,23581,age_76_100
2009,89,8521,21854,age_76_100
2009,90,4333,12061,age_76_100
2009,91,3392,9535,age_76_100
2009,92,3047,9478,age_76_100
2009,93,2814,9558,age_76_100
2009,94,3114,11730,age_76_100
2009,95,2696,10315,age_76_100
2009,96,1965,8364,age_76_100
2009,97,1320,6215,age_76_100
2009,98,848,4313,age_76_100
2009,99,590,3095,age_76_100
2009,100,811,5237,age_76_100
2010,0,1164,927,age_0_25
2010,1,93,89,age_0_25
2010,2,63,49,age_0_25
2010,3,44,29,age_0_25
2010,4,42,37,age_0_25
2010,5,37,30,age_0_25
2010,6,36,27,age_0_25
2010,7,27,23,age_0_25
2010,8,29,27,age_0_25
2010,9,27,24,age_0_25
2010,10,25,22,age_0_25
2010,11,26,31,age_0_25
2010,12,52,20,age_0_25
2010,13,48,30,age_0_25
2010,14,55,25,age_0_25
2010,15,75,45,age_0_25
2010,16,99,51,age_0_25
2010,17,124,75,age_0_25
2010,18,189,92,age_0_25
2010,19,226,86,age_0_25
2010,20,221,108,age_0_25
2010,21,254,94,age_0_25
2010,22,253,93,age_0_25
2010,23,244,109,age_0_25
2010,24,243,91,age_0_25
2010,25,238,104,age_0_25
2010,26,297,98,age_26_50
2010,27,308,123,age_26_50
2010,28,285,112,age_26_50
2010,29,325,131,age_26_50
2010,30,261,117,age_26_50
2010,31,277,121,age_26_50
2010,32,316,134,age_26_50
2010,33,358,144,age_26_50
2010,34,344,166,age_26_50
2010,35,348,176,age_26_50
2010,36,382,189,age_26_50
2010,37,419,231,age_26_50
2010,38,574,257,age_26_50
2010,39,649,341,age_26_50
2010,40,727,388,age_26_50
2010,41,879,477,age_26_50
2010,42,1037,591,age_26_50
2010,43,1209,628,age_26_50
2010,44,1366,767,age_26_50
2010,45,1564,814,age_26_50
2010,46,1718,918,age_26_50
2010,47,2037,1072,age_26_50
2010,48,2119,1162,age_26_50
2010,49,2375,1347,age_26_50
2010,50,2536,1389,age_26_50
2010,51,2928,1490,age_51_75
2010,52,2931,1629,age_51_75
2010,53,3175,1709,age_51_75
2010,54,3510,1754,age_51_75
2010,55,3646,1926,age_51_75
2010,56,3983,1982,age_51_75
2010,57,4134,2095,age_51_75
2010,58,4482,2242,age_51_75
2010,59,4717,2309,age_51_75
2010,60,5154,2661,age_51_75
2010,61,5139,2805,age_51_75
2010,62,4944,2709,age_51_75
2010,63,5249,2799,age_51_75
2010,64,4406,2406,age_51_75
2010,65,5539,3080,age_51_75
2010,66,7159,3873,age_51_75
2010,67,7385,3965,age_51_75
2010,68,8672,4896,age_51_75
2010,69,10249,5707,age_51_75
2010,70,11648,6748,age_51_75
2010,71,11862,7016,age_51_75
2010,72,11595,7183,age_51_75
2010,73,12223,7871,age_51_75
2010,74,12906,8549,age_51_75
2010,75,13308,9684,age_51_75
2010,76,12036,9127,age_76_100
2010,77,11525,9267,age_76_100
2010,78,12770,10593,age_76_100
2010,79,14034,12332,age_76_100
2010,80,14559,13756,age_76_100
2010,81,15112,15230,age_76_100
2010,82,14372,16237,age_76_100
2010,83,13344,17800,age_76_100
2010,84,12873,19380,age_76_100
2010,85,11542,20555,age_76_100
2010,86,10370,21059,age_76_100
2010,87,10207,21837,age_76_100
2010,88,10051,23225,age_76_100
2010,89,8997,22951,age_76_100
2010,90,7606,20942,age_76_100
2010,91,3945,11224,age_76_100
2010,92,2825,8722,age_76_100
2010,93,2439,8489,age_76_100
2010,94,2263,8271,age_76_100
2010,95,2421,9627,age_76_100
2010,96,1881,8420,age_76_100
2010,97,1450,6334,age_76_100
2010,98,938,4628,age_76_100
2010,99,543,3155,age_76_100
2010,100,823,5593,age_76_100
2011,0,1228,973,age_0_25
2011,1,97,73,age_0_25
2011,2,61,45,age_0_25
2011,3,43,34,age_0_25
2011,4,36,40,age_0_25
2011,5,38,37,age_0_25
2011,6,33,27,age_0_25
2011,7,26,25,age_0_25
2011,8,30,25,age_0_25
2011,9,28,22,age_0_25
2011,10,42,20,age_0_25
2011,11,33,20,age_0_25
2011,12,42,32,age_0_25
2011,13,44,35,age_0_25
2011,14,42,41,age_0_25
2011,15,48,35,age_0_25
2011,16,100,51,age_0_25
2011,17,130,48,age_0_25
2011,18,176,85,age_0_25
2011,19,198,76,age_0_25
2011,20,248,88,age_0_25
2011,21,256,94,age_0_25
2011,22,253,101,age_0_25
2011,23,281,89,age_0_25
2011,24,275,78,age_0_25
2011,25,241,89,age_0_25
2011,26,241,93,age_26_50
2011,27,257,114,age_26_50
2011,28,264,115,age_26_50
2011,29,306,140,age_26_50
2011,30,285,133,age_26_50
2011,31,326,137,age_26_50
2011,32,316,143,age_26_50
2011,33,344,161,age_26_50
2011,34,319,167,age_26_50
2011,35,302,142,age_26_50
2011,36,335,185,age_26_50
2011,37,389,203,age_26_50
2011,38,451,246,age_26_50
2011,39,553,318,age_26_50
2011,40,700,360,age_26_50
2011,41,708,417,age_26_50
2011,42,937,508,age_26_50
2011,43,1096,676,age_26_50
2011,44,1278,659,age_26_50
2011,45,1408,826,age_26_50
2011,46,1642,915,age_26_50
2011,47,1899,1094,age_26_50
2011,48,2099,1135,age_26_50
2011,49,2292,1313,age_26_50
2011,50,2562,1373,age_26_50
2011,51,2847,1515,age_51_75
2011,52,3005,1626,age_51_75
2011,53,3206,1674,age_51_75
2011,54,3349,1797,age_51_75
2011,55,3628,1952,age_51_75
2011,56,3767,2035,age_51_75
2011,57,4128,2090,age_51_75
2011,58,4522,2290,age_51_75
2011,59,4768,2520,age_51_75
2011,60,5070,2743,age_51_75
2011,61,5432,2903,age_51_75
2011,62,5345,2920,age_51_75
2011,63,5063,2923,age_51_75
2011,64,5399,3051,age_51_75
2011,65,4602,2542,age_51_75
2011,66,5848,3360,age_51_75
2011,67,7300,4095,age_51_75
2011,68,7634,4305,age_51_75
2011,69,9121,5197,age_51_75
2011,70,10568,6136,age_51_75
2011,71,11977,7099,age_51_75
2011,72,12159,7620,age_51_75
2011,73,11933,7818,age_51_75
2011,74,12510,8582,age_51_75
2011,75,13252,9337,age_51_75
2011,76,13774,10338,age_76_100
2011,77,12504,9640,age_76_100
2011,78,11915,9854,age_76_100
2011,79,12977,10947,age_76_100
2011,80,13728,13059,age_76_100
2011,81,14639,14536,age_76_100
2011,82,14907,16337,age_76_100
2011,83,14284,16835,age_76_100
2011,84,13150,18111,age_76_100
2011,85,12322,19970,age_76_100
2011,86,11286,20748,age_76_100
2011,87,9764,20720,age_76_100
2011,88,9339,21319,age_76_100
2011,89,9194,22327,age_76_100
2011,90,7991,21509,age_76_100
2011,91,6818,19273,age_76_100
2011,92,3248,10172,age_76_100
2011,93,2276,7440,age_76_100
2011,94,1934,6936,age_76_100
2011,95,1711,6652,age_76_100
2011,96,1824,7823,age_76_100
2011,97,1419,6419,age_76_100
2011,98,923,4785,age_76_100
2011,99,600,3374,age_76_100
2011,100,834,5713,age_76_100
2012,0,1113,926,age_0_25
2012,1,92,62,age_0_25
2012,2,50,43,age_0_25
2012,3,36,38,age_0_25
2012,4,45,30,age_0_25
2012,5,41,33,age_0_25
2012,6,30,16,age_0_25
2012,7,26,27,age_0_25
2012,8,33,23,age_0_25
2012,9,27,17,age_0_25
2012,10,25,15,age_0_25
2012,11,36,17,age_0_25
2012,12,33,20,age_0_25
2012,13,46,24,age_0_25
2012,14,52,23,age_0_25
2012,15,60,43,age_0_25
2012,16,95,39,age_0_25
2012,17,139,48,age_0_25
2012,18,165,86,age_0_25
2012,19,179,64,age_0_25
2012,20,199,49,age_0_25
2012,21,208,82,age_0_25
2012,22,240,88,age_0_25
2012,23,251,90,age_0_25
2012,24,247,106,age_0_25
2012,25,246,101,age_0_25
2012,26,243,89,age_26_50
2012,27,246,100,age_26_50
2012,28,239,114,age_26_50
2012,29,269,108,age_26_50
2012,30,282,105,age_26_50
2012,31,282,119,age_26_50
2012,32,336,127,age_26_50
2012,33,284,176,age_26_50
2012,34,320,165,age_26_50
2012,35,313,183,age_26_50
2012,36,362,172,age_26_50
2012,37,356,188,age_26_50
2012,38,402,211,age_26_50
2012,39,472,264,age_26_50
2012,40,579,307,age_26_50
2012,41,730,406,age_26_50
2012,42,828,483,age_26_50
2012,43,984,549,age_26_50
2012,44,1229,655,age_26_50
2012,45,1418,711,age_26_50
2012,46,1557,875,age_26_50
2012,47,1769,1045,age_26_50
2012,48,1966,1160,age_26_50
2012,49,2289,1231,age_26_50
2012,50,2472,1421,age_26_50
2012,51,2696,1470,age_51_75
2012,52,3023,1624,age_51_75
2012,53,3091,1727,age_51_75
2012,54,3473,1760,age_51_75
2012,55,3607,1856,age_51_75
2012,56,3788,1995,age_51_75
2012,57,4182,2137,age_51_75
2012,58,4340,2228,age_51_75
2012,59,4733,2452,age_51_75
2012,60,5005,2709,age_51_75
2012,61,5345,2790,age_51_75
2012,62,5679,3029,age_51_75
2012,63,5721,3101,age_51_75
2012,64,5642,3092,age_51_75
2012,65,5791,3221,age_51_75
2012,66,4759,2747,age_51_75
2012,67,6003,3637,age_51_75
2012,68,7808,4368,age_51_75
2012,69,8000,4569,age_51_75
2012,70,9470,5809,age_51_75
2012,71,11081,6707,age_51_75
2012,72,12745,7904,age_51_75
2012,73,12843,8083,age_51_75
2012,74,12660,8488,age_51_75
2012,75,13290,9251,age_51_75
2012,76,13673,10023,age_76_100
2012,77,14553,11235,age_76_100
2012,78,12742,10684,age_76_100
2012,79,12369,10825,age_76_100
2012,80,13338,12197,age_76_100
2012,81,14609,14399,age_76_100
2012,82,15219,16094,age_76_100
2012,83,15383,17572,age_76_100
2012,84,14538,18464,age_76_100
2012,85,13211,19390,age_76_100
2012,86,12498,20977,age_76_100
2012,87,10984,21482,age_76_100
2012,88,9388,21355,age_76_100
2012,89,8796,21559,age_76_100
2012,90,8275,21999,age_76_100
2012,91,7298,20642,age_76_100
2012,92,6019,18088,age_76_100
2012,93,2766,9055,age_76_100
2012,94,1870,6707,age_76_100
2012,95,1562,5991,age_76_100
2012,96,1353,5496,age_76_100
2012,97,1332,6185,age_76_100
2012,98,990,4888,age_76_100
2012,99,641,3533,age_76_100
2012,100,871,6098,age_76_100
2013,0,1143,892,age_0_25
2013,1,95,84,age_0_25
2013,2,56,35,age_0_25
2013,3,39,34,age_0_25
2013,4,30,25,age_0_25
2013,5,39,29,age_0_25
2013,6,23,27,age_0_25
2013,7,33,20,age_0_25
2013,8,26,25,age_0_25
2013,9,44,19,age_0_25
2013,10,21,19,age_0_25
2013,11,22,19,age_0_25
2013,12,27,29,age_0_25
2013,13,37,26,age_0_25
2013,14,33,42,age_0_25
2013,15,61,48,age_0_25
2013,16,91,50,age_0_25
2013,17,108,54,age_0_25
2013,18,160,64,age_0_25
2013,19,173,75,age_0_25
2013,20,167,76,age_0_25
2013,21,191,71,age_0_25
2013,22,186,68,age_0_25
2013,23,213,106,age_0_25
2013,24,220,100,age_0_25
2013,25,245,103,age_0_25
2013,26,249,100,age_26_50
2013,27,207,97,age_26_50
2013,28,265,109,age_26_50
2013,29,254,130,age_26_50
2013,30,302,126,age_26_50
2013,31,293,138,age_26_50
2013,32,298,163,age_26_50
2013,33,301,172,age_26_50
2013,34,347,155,age_26_50
2013,35,366,175,age_26_50
2013,36,342,184,age_26_50
2013,37,351,208,age_26_50
2013,38,404,229,age_26_50
2013,39,472,262,age_26_50
2013,40,515,318,age_26_50
2013,41,625,351,age_26_50
2013,42,753,448,age_26_50
2013,43,936,515,age_26_50
2013,44,1096,619,age_26_50
2013,45,1310,721,age_26_50
2013,46,1528,847,age_26_50
2013,47,1675,999,age_26_50
2013,48,1972,1075,age_26_50
2013,49,2274,1233,age_26_50
2013,50,2404,1316,age_26_50
2013,51,2809,1554,age_51_75
2013,52,3000,1635,age_51_75
2013,53,3282,1840,age_51_75
2013,54,3549,1831,age_51_75
2013,55,3688,2014,age_51_75
2013,56,3871,2120,age_51_75
2013,57,4240,2133,age_51_75
2013,58,4581,2355,age_51_75
2013,59,4736,2532,age_51_75
2013,60,5143,2596,age_51_75
2013,61,5413,2861,age_51_75
2013,62,5635,3085,age_51_75
2013,63,6065,3345,age_51_75
2013,64,6177,3514,age_51_75
2013,65,5932,3396,age_51_75
2013,66,6176,3620,age_51_75
2013,67,5274,2985,age_51_75
2013,68,6737,3976,age_51_75
2013,69,8204,4895,age_51_75
2013,70,8501,5149,age_51_75
2013,71,10295,6206,age_51_75
2013,72,11972,7255,age_51_75
2013,73,13466,8683,age_51_75
2013,74,13625,9013,age_51_75
2013,75,13558,9409,age_51_75
2013,76,14174,10314,age_76_100
2013,77,14612,11268,age_76_100
2013,78,15295,12475,age_76_100
2013,79,13545,11887,age_76_100
2013,80,12855,11916,age_76_100
2013,81,13793,13407,age_76_100
2013,82,15153,15848,age_76_100
2013,83,15775,17594,age_76_100
2013,84,15657,18944,age_76_100
2013,85,14727,19580,age_76_100
2013,86,13192,20645,age_76_100
2013,87,12204,21917,age_76_100
2013,88,10586,22124,age_76_100
2013,89,8987,21403,age_76_100
2013,90,8171,21065,age_76_100
2013,91,7691,20954,age_76_100
2013,92,6390,19199,age_76_100
2013,93,4989,16268,age_76_100
2013,94,2141,7884,age_76_100
2013,95,1524,5614,age_76_100
2013,96,1169,4916,age_76_100
2013,97,981,4372,age_76_100
2013,98,1010,4724,age_76_100
2013,99,684,3564,age_76_100
2013,100,1047,6313,age_76_100
2014,0,1145,909,age_0_25
2014,1,75,79,age_0_25
2014,2,35,35,age_0_25
2014,3,54,31,age_0_25
2014,4,36,32,age_0_25
2014,5,23,13,age_0_25
2014,6,33,12,age_0_25
2014,7,29,16,age_0_25
2014,8,23,16,age_0_25
2014,9,35,26,age_0_25
2014,10,25,13,age_0_25
2014,11,36,22,age_0_25
2014,12,36,20,age_0_25
2014,13,36,33,age_0_25
2014,14,46,35,age_0_25
2014,15,53,35,age_0_25
2014,16,96,48,age_0_25
2014,17,112,45,age_0_25
2014,18,142,74,age_0_25
2014,19,173,73,age_0_25
2014,20,162,69,age_0_25
2014,21,186,63,age_0_25
2014,22,160,69,age_0_25
2014,23,223,106,age_0_25
2014,24,226,75,age_0_25
2014,25,249,85,age_0_25
2014,26,223,77,age_26_50
2014,27,252,87,age_26_50
2014,28,243,109,age_26_50
2014,29,236,101,age_26_50
2014,30,252,112,age_26_50
2014,31,309,130,age_26_50
2014,32,316,138,age_26_50
2014,33,321,152,age_26_50
2014,34,340,162,age_26_50
2014,35,370,151,age_26_50
2014,36,382,192,age_26_50
2014,37,342,172,age_26_50
2014,38,451,221,age_26_50
2014,39,407,256,age_26_50
2014,40,458,247,age_26_50
2014,41,551,319,age_26_50
2014,42,723,392,age_26_50
2014,43,862,444,age_26_50
2014,44,961,545,age_26_50
2014,45,1216,629,age_26_50
2014,46,1349,802,age_26_50
2014,47,1625,891,age_26_50
2014,48,1894,981,age_26_50
2014,49,2114,1199,age_26_50
2014,50,2431,1330,age_26_50
2014,51,2610,1524,age_51_75
2014,52,2901,1601,age_51_75
2014,53,3242,1793,age_51_75
2014,54,3483,1847,age_51_75
2014,55,3585,1876,age_51_75
2014,56,3858,2034,age_51_75
2014,57,4154,2211,age_51_75
2014,58,4435,2304,age_51_75
2014,59,4682,2603,age_51_75
2014,60,4911,2769,age_51_75
2014,61,5411,2754,age_51_75
2014,62,5824,2949,age_51_75
2014,63,5949,3175,age_51_75
2014,64,6452,3454,age_51_75
2014,65,6449,3630,age_51_75
2014,66,6235,3582,age_51_75
2014,67,6267,3625,age_51_75
2014,68,5158,3144,age_51_75
2014,69,6618,4101,age_51_75
2014,70,8481,5043,age_51_75
2014,71,8780,5363,age_51_75
2014,72,10408,6565,age_51_75
2014,73,12352,7711,age_51_75
2014,74,13689,8951,age_51_75
2014,75,13959,9629,age_51_75
2014,76,14020,10090,age_76_100
2014,77,14112,10889,age_76_100
2014,78,14648,11760,age_76_100
2014,79,15422,13131,age_76_100
2014,80,13456,12387,age_76_100
2014,81,12866,12438,age_76_100
2014,82,13669,13932,age_76_100
2014,83,14692,15857,age_76_100
2014,84,15037,17649,age_76_100
2014,85,14929,18681,age_76_100
2014,86,13869,19463,age_76_100
2014,87,12226,20045,age_76_100
2014,88,10931,20865,age_76_100
2014,89,9354,20600,age_76_100
2014,90,7681,19328,age_76_100
2014,91,7111,18782,age_76_100
2014,92,6446,18175,age_76_100
2014,93,5206,16388,age_76_100
2014,94,3887,13260,age_76_100
2014,95,1780,6289,age_76_100
2014,96,1160,4303,age_76_100
2014,97,831,3519,age_76_100
2014,98,701,3078,age_76_100
2014,99,568,3183,age_76_100
2014,100,993,6438,age_76_100
2015,0,1140,958,age_0_25
2015,1,101,71,age_0_25
2015,2,61,35,age_0_25
2015,3,43,43,age_0_25
2015,4,33,30,age_0_25
2015,5,27,24,age_0_25
2015,6,28,21,age_0_25
2015,7,24,17,age_0_25
2015,8,23,19,age_0_25
2015,9,21,13,age_0_25
2015,10,27,23,age_0_25
2015,11,26,28,age_0_25
2015,12,27,37,age_0_25
2015,13,28,19,age_0_25
2015,14,41,39,age_0_25
2015,15,62,55,age_0_25
2015,16,94,60,age_0_25
2015,17,109,60,age_0_25
2015,18,150,72,age_0_25
2015,19,160,66,age_0_25
2015,20,180,69,age_0_25
2015,21,201,71,age_0_25
2015,22,186,64,age_0_25
2015,23,184,85,age_0_25
2015,24,205,76,age_0_25
2015,25,223,90,age_0_25
2015,26,236,101,age_26_50
2015,27,267,111,age_26_50
2015,28,246,116,age_26_50
2015,29,291,132,age_26_50
2015,30,274,126,age_26_50
2015,31,303,150,age_26_50
2015,32,344,153,age_26_50
2015,33,346,165,age_26_50
2015,34,358,182,age_26_50
2015,35,401,182,age_26_50
2015,36,389,198,age_26_50
2015,37,418,182,age_26_50
2015,38,412,234,age_26_50
2015,39,452,244,age_26_50
2015,40,524,258,age_26_50
2015,41,551,286,age_26_50
2015,42,627,365,age_26_50
2015,43,820,439,age_26_50
2015,44,911,529,age_26_50
2015,45,1164,597,age_26_50
2015,46,1316,739,age_26_50
2015,47,1546,889,age_26_50
2015,48,1807,1013,age_26_50
2015,49,2085,1169,age_26_50
2015,50,2358,1297,age_26_50
2015,51,2600,1453,age_51_75
2015,52,3023,1619,age_51_75
2015,53,3283,1797,age_51_75
2015,54,3544,1906,age_51_75
2015,55,3848,2053,age_51_75
2015,56,4041,2154,age_51_75
2015,57,4289,2273,age_51_75
2015,58,4613,2432,age_51_75
2015,59,4998,2555,age_51_75
2015,60,5199,2809,age_51_75
2015,61,5451,3003,age_51_75
2015,62,5845,3114,age_51_75
2015,63,6369,3317,age_51_75
2015,64,6679,3632,age_51_75
2015,65,7004,3883,age_51_75
2015,66,6990,4000,age_51_75
2015,67,6877,4115,age_51_75
2015,68,6945,4085,age_51_75
2015,69,5881,3504,age_51_75
2015,70,7594,4642,age_51_75
2015,71,9320,5884,age_51_75
2015,72,9562,5995,age_51_75
2015,73,11548,7455,age_51_75
2015,74,13385,8693,age_51_75
2015,75,15228,10361,age_51_75
2015,76,15371,11106,age_76_100
2015,77,15107,11364,age_76_100
2015,78,15535,12412,age_76_100
2015,79,15946,13564,age_76_100
2015,80,16848,15066,age_76_100
2015,81,14733,14030,age_76_100
2015,82,13985,14213,age_76_100
2015,83,14642,15806,age_76_100
2015,84,15456,18148,age_76_100
2015,85,15893,19848,age_76_100
2015,86,15548,20876,age_76_100
2015,87,13975,21098,age_76_100
2015,88,12408,21363,age_76_100
2015,89,10725,22091,age_76_100
2015,90,9139,21722,age_76_100
2015,91,7533,19780,age_76_100
2015,92,6466,18549,age_76_100
2015,93,5604,17488,age_76_100
2015,94,4467,15058,age_76_100
2015,95,3220,11853,age_76_100
2015,96,1379,5335,age_76_100
2015,97,795,3701,age_76_100
2015,98,608,2879,age_76_100
2015,99,472,2360,age_76_100
2015,100,1070,6746,age_76_100
2016,0,1298,1043,age_0_25
2016,1,93,68,age_0_25
2016,2,50,36,age_0_25
2016,3,27,35,age_0_25
2016,4,38,22,age_0_25
2016,5,35,27,age_0_25
2016,6,30,28,age_0_25
2016,7,23,12,age_0_25
2016,8,33,22,age_0_25
2016,9,26,19,age_0_25
2016,10,26,18,age_0_25
2016,11,27,25,age_0_25
2016,12,17,20,age_0_25
2016,13,36,31,age_0_25
2016,14,40,33,age_0_25
2016,15,49,43,age_0_25
2016,16,102,45,age_0_25
2016,17,104,54,age_0_25
2016,18,153,74,age_0_25
2016,19,151,73,age_0_25
2016,20,170,61,age_0_25
2016,21,145,54,age_0_25
2016,22,198,72,age_0_25
2016,23,175,72,age_0_25
2016,24,196,60,age_0_25
2016,25,200,83,age_0_25
2016,26,216,87,age_26_50
2016,27,238,107,age_26_50
2016,28,233,114,age_26_50
2016,29,253,116,age_26_50
2016,30,253,145,age_26_50
2016,31,296,133,age_26_50
2016,32,309,166,age_26_50
2016,33,302,159,age_26_50
2016,34,386,170,age_26_50
2016,35,401,174,age_26_50
2016,36,381,205,age_26_50
2016,37,409,198,age_26_50
2016,38,458,258,age_26_50
2016,39,463,223,age_26_50
2016,40,542,301,age_26_50
2016,41,527,305,age_26_50
2016,42,608,331,age_26_50
2016,43,656,377,age_26_50
2016,44,908,470,age_26_50
2016,45,1036,588,age_26_50
2016,46,1190,645,age_26_50
2016,47,1447,830,age_26_50
2016,48,1706,1047,age_26_50
2016,49,2015,1151,age_26_50
2016,50,2214,1240,age_26_50
2016,51,2541,1372,age_51_75
2016,52,2857,1610,age_51_75
2016,53,3164,1693,age_51_75
2016,54,3526,1866,age_51_75
2016,55,3767,2111,age_51_75
2016,56,4074,2173,age_51_75
2016,57,4318,2331,age_51_75
2016,58,4686,2529,age_51_75
2016,59,4920,2622,age_51_75
2016,60,5138,2885,age_51_75
2016,61,5403,2850,age_51_75
2016,62,5780,3126,age_51_75
2016,63,6189,3353,age_51_75
2016,64,6742,3603,age_51_75
2016,65,7085,3919,age_51_75
2016,66,7333,4126,age_51_75
2016,67,7511,4280,age_51_75
2016,68,7003,4224,age_51_75
2016,69,7410,4381,age_51_75
2016,70,6095,3927,age_51_75
2016,71,7794,4939,age_51_75
2016,72,9593,6116,age_51_75
2016,73,9935,6370,age_51_75
2016,74,11831,7941,age_51_75
2016,75,13886,9298,age_51_75
2016,76,15485,11010,age_76_100
2016,77,15858,11532,age_76_100
2016,78,15843,12157,age_76_100
2016,79,15994,13191,age_76_100
2016,80,16250,14703,age_76_100
2016,81,16989,15885,age_76_100
2016,82,14913,14676,age_76_100
2016,83,13829,14606,age_76_100
2016,84,14272,16210,age_76_100
2016,85,14962,18377,age_76_100
2016,86,15001,19971,age_76_100
2016,87,14663,20467,age_76_100
2016,88,13211,20401,age_76_100
2016,89,11287,20383,age_76_100
2016,90,9605,20203,age_76_100
2016,91,7895,19534,age_76_100
2016,92,6269,17356,age_76_100
2016,93,5174,15642,age_76_100
2016,94,4488,14273,age_76_100
2016,95,3330,11751,age_76_100
2016,96,2489,9317,age_76_100
2016,97,1058,3989,age_76_100
2016,98,568,2496,age_76_100
2016,99,392,1972,age_76_100
2016,100,890,5638,age_76_100
2017,0,1208,965,age_0_25
2017,1,91,80,age_0_25
2017,2,49,33,age_0_25
2017,3,29,26,age_0_25
2017,4,24,38,age_0_25
2017,5,24,29,age_0_25
2017,6,24,24,age_0_25
2017,7,21,21,age_0_25
2017,8,23,15,age_0_25
2017,9,20,16,age_0_25
2017,10,19,17,age_0_25
2017,11,23,19,age_0_25
2017,12,21,26,age_0_25
2017,13,26,39,age_0_25
2017,14,46,27,age_0_25
2017,15,49,41,age_0_25
2017,16,87,54,age_0_25
2017,17,103,37,age_0_25
2017,18,131,70,age_0_25
2017,19,168,57,age_0_25
2017,20,169,78,age_0_25
2017,21,155,68,age_0_25
2017,22,150,56,age_0_25
2017,23,150,69,age_0_25
2017,24,195,76,age_0_25
2017,25,179,71,age_0_25
2017,26,208,80,age_26_50
2017,27,195,91,age_26_50
2017,28,228,105,age_26_50
2017,29,241,124,age_26_50
2017,30,271,146,age_26_50
2017,31,303,133,age_26_50
2017,32,297,133,age_26_50
2017,33,352,153,age_26_50
2017,34,347,189,age_26_50
2017,35,361,192,age_26_50
2017,36,409,182,age_26_50
2017,37,463,202,age_26_50
2017,38,457,243,age_26_50
2017,39,444,243,age_26_50
2017,40,475,274,age_26_50
2017,41,506,274,age_26_50
2017,42,543,290,age_26_50
2017,43,635,369,age_26_50
2017,44,741,420,age_26_50
2017,45,932,534,age_26_50
2017,46,1158,645,age_26_50
2017,47,1293,712,age_26_50
2017,48,1582,895,age_26_50
2017,49,1772,1068,age_26_50
2017,50,2069,1131,age_26_50
2017,51,2393,1366,age_51_75
2017,52,2690,1510,age_51_75
2017,53,3065,1712,age_51_75
2017,54,3488,1932,age_51_75
2017,55,3695,2007,age_51_75
2017,56,4093,2245,age_51_75
2017,57,4302,2372,age_51_75
2017,58,4633,2454,age_51_75
2017,59,4870,2569,age_51_75
2017,60,5107,2853,age_51_75
2017,61,5628,3098,age_51_75
2017,62,5884,3117,age_51_75
2017,63,6127,3393,age_51_75
2017,64,6536,3621,age_51_75
2017,65,7041,3834,age_51_75
2017,66,7325,4170,age_51_75
2017,67,7788,4393,age_51_75
2017,68,7953,4633,age_51_75
2017,69,7589,4554,age_51_75
2017,70,7635,4883,age_51_75
2017,71,6510,4209,age_51_75
2017,72,8170,5399,age_51_75
2017,73,10316,6851,age_51_75
2017,74,10380,7028,age_51_75
2017,75,12628,8663,age_51_75
2017,76,14761,10381,age_76_100
2017,77,16504,12070,age_76_100
2017,78,16668,12871,age_76_100
2017,79,16432,13503,age_76_100
2017,80,16894,14794,age_76_100
2017,81,17269,16118,age_76_100
2017,82,17701,17494,age_76_100
2017,83,15248,15955,age_76_100
2017,84,14183,15818,age_76_100
2017,85,14779,17861,age_76_100
2017,86,15038,19439,age_76_100
2017,87,14811,20723,age_76_100
2017,88,14176,21267,age_76_100
2017,89,12558,20638,age_76_100
2017,90,10721,20624,age_76_100
2017,91,8859,20205,age_76_100
2017,92,7353,18547,age_76_100
2017,93,5376,16118,age_76_100
2017,94,4424,14112,age_76_100
2017,95,3508,12408,age_76_100
2017,96,2686,10020,age_76_100
2017,97,1828,7514,age_76_100
2017,98,715,3183,age_76_100
2017,99,412,1952,age_76_100
2017,100,833,5104,age_76_100
2018,0,1184,953,age_0_25
2018,1,88,87,age_0_25
2018,2,47,49,age_0_25
2018,3,40,35,age_0_25
2018,4,40,28,age_0_25
2018,5,21,19,age_0_25
2018,6,28,21,age_0_25
2018,7,32,9,age_0_25
2018,8,23,25,age_0_25
2018,9,32,16,age_0_25
2018,10,27,19,age_0_25
2018,11,.,.,age_0_25
2018,12,28,21,age_0_25
2018,13,.,.,age_0_25
2018,14,47,29,age_0_25
2018,15,64,37,age_0_25
2018,16,94,55,age_0_25
2018,17,95,50,age_0_25
2018,18,152,63,age_0_25
2018,19,147,61,age_0_25
2018,20,154,60,age_0_25
2018,21,177,59,age_0_25
2018,22,174,48,age_0_25
2018,23,156,63,age_0_25
2018,24,195,71,age_0_25
2018,25,168,77,age_0_25
2018,26,193,71,age_26_50
2018,27,217,86,age_26_50
2018,28,232,108,age_26_50
2018,29,235,116,age_26_50
2018,30,266,131,age_26_50
2018,31,265,152,age_26_50
2018,32,267,146,age_26_50
2018,33,335,166,age_26_50
2018,34,333,175,age_26_50
2018,35,351,192,age_26_50
2018,36,351,229,age_26_50
2018,37,438,205,age_26_50
2018,38,467,256,age_26_50
2018,39,492,274,age_26_50
2018,40,523,264,age_26_50
2018,41,596,318,age_26_50
2018,42,597,324,age_26_50
2018,43,608,375,age_26_50
2018,44,712,379,age_26_50
2018,45,837,478,age_26_50
2018,46,1017,565,age_26_50
2018,47,1208,699,age_26_50
2018,48,1412,860,age_26_50
2018,49,1742,994,age_26_50
2018,50,2077,1140,age_26_50
2018,51,2341,1377,age_51_75
2018,52,2662,1462,age_51_75
2018,53,3069,1628,age_51_75
2018,54,3418,1837,age_51_75
2018,55,3853,2091,age_51_75
2018,56,4093,2270,age_51_75
2018,57,4610,2416,age_51_75
2018,58,4755,2559,age_51_75
2018,59,5055,2750,age_51_75
2018,60,5412,2887,age_51_75
2018,61,5677,3090,age_51_75
2018,62,6111,3271,age_51_75
2018,63,6410,3537,age_51_75
2018,64,6795,3923,age_51_75
2018,65,7029,3963,age_51_75
2018,66,7629,4344,age_51_75
2018,67,8001,4544,age_51_75
2018,68,8300,4904,age_51_75
2018,69,8352,5144,age_51_75
2018,70,8052,5025,age_51_75
2018,71,8350,5167,age_51_75
2018,72,6960,4538,age_51_75
2018,73,8659,5958,age_51_75
2018,74,11046,7439,age_51_75
2018,75,11224,7888,age_51_75
2018,76,13467,9727,age_76_100
2018,77,15398,11387,age_76_100
2018,78,17450,13626,age_76_100
2018,79,17857,14447,age_76_100
2018,80,17581,14869,age_76_100
2018,81,17794,16100,age_76_100
2018,82,18123,17672,age_76_100
2018,83,18061,18839,age_76_100
2018,84,15826,17472,age_76_100
2018,85,14282,16986,age_76_100
2018,86,14601,18615,age_76_100
2018,87,14659,20685,age_76_100
2018,88,14465,21748,age_76_100
2018,89,13528,21631,age_76_100
2018,90,11588,20859,age_76_100
2018,91,9435,19885,age_76_100
2018,92,8046,18880,age_76_100
2018,93,6151,17016,age_76_100
2018,94,4504,14001,age_76_100
2018,95,3606,12047,age_76_100
2018,96,2724,10338,age_76_100
2018,97,1959,7946,age_76_100
2018,98,1281,5592,age_76_100
2018,99,.,.,age_76_100
2018,100,738,4648,age_76_100
2019,0,1182,937,age_0_25
2019,1,89,54,age_0_25
2019,2,56,40,age_0_25
2019,3,46,28,age_0_25
2019,4,33,30,age_0_25
2019,5,29,28,age_0_25
2019,6,36,21,age_0_25
2019,7,26,15,age_0_25
2019,8,.,.,age_0_25
2019,9,.,.,age_0_25
2019,10,.,.,age_0_25
2019,11,25,31,age_0_25
2019,12,.,.,age_0_25
2019,13,.,.,age_0_25
2019,14,36,31,age_0_25
2019,15,54,35,age_0_25
2019,16,64,39,age_0_25
2019,17,102,43,age_0_25
2019,18,160,56,age_0_25
2019,19,154,59,age_0_25
2019,20,151,59,age_0_25
2019,21,157,62,age_0_25
2019,22,158,64,age_0_25
2019,23,148,52,age_0_25
2019,24,175,61,age_0_25
2019,25,174,68,age_0_25
2019,26,169,65,age_26_50
2019,27,201,88,age_26_50
2019,28,220,98,age_26_50
2019,29,225,105,age_26_50
2019,30,232,137,age_26_50
2019,31,309,142,age_26_50
2019,32,298,152,age_26_50
2019,33,318,146,age_26_50
2019,34,302,157,age_26_50
2019,35,320,213,age_26_50
2019,36,435,222,age_26_50
2019,37,443,244,age_26_50
2019,38,436,237,age_26_50
2019,39,487,283,age_26_50
2019,40,495,272,age_26_50
2019,41,643,288,age_26_50
2019,42,558,322,age_26_50
2019,43,633,330,age_26_50
2019,44,676,362,age_26_50
2019,45,745,402,age_26_50
2019,46,853,503,age_26_50
2019,47,1173,607,age_26_50
2019,48,1352,728,age_26_50
2019,49,1559,893,age_26_50
2019,50,1823,1112,age_26_50
2019,51,2117,1264,age_51_75
2019,52,2508,1407,age_51_75
2019,53,2835,1608,age_51_75
2019,54,3223,1735,age_51_75
2019,55,3614,2009,age_51_75
2019,56,3976,2189,age_51_75
2019,57,4391,2382,age_51_75
2019,58,4520,2548,age_51_75
2019,59,5103,2725,age_51_75
2019,60,5240,2906,age_51_75
2019,61,5543,3049,age_51_75
2019,62,5992,3328,age_51_75
2019,63,6431,3469,age_51_75
2019,64,6750,3646,age_51_75
2019,65,7011,3985,age_51_75
2019,66,7526,4264,age_51_75
2019,67,7927,4575,age_51_75
2019,68,8368,4641,age_51_75
2019,69,8664,5225,age_51_75
2019,70,8746,5349,age_51_75
2019,71,8445,5292,age_51_75
2019,72,8470,5505,age_51_75
2019,73,7091,4853,age_51_75
2019,74,9136,6374,age_51_75
2019,75,11267,7996,age_51_75
2019,76,11602,8216,age_76_100
2019,77,13871,10222,age_76_100
2019,78,16093,12245,age_76_100
2019,79,18011,14576,age_76_100
2019,80,18053,15465,age_76_100
2019,81,17903,15972,age_76_100
2019,82,17784,17126,age_76_100
2019,83,17966,18510,age_76_100
2019,84,18247,19732,age_76_100
2019,85,15443,17785,age_76_100
2019,86,14025,17571,age_76_100
2019,87,13646,18715,age_76_100
2019,88,14035,20382,age_76_100
2019,89,13207,21000,age_76_100
2019,90,12056,20450,age_76_100
2019,91,10078,19086,age_76_100
2019,92,8203,18087,age_76_100
2019,93,6470,16432,age_76_100
2019,94,4857,13920,age_76_100
2019,95,3326,11516,age_76_100
2019,96,2657,9288,age_76_100
2019,97,1997,7679,age_76_100
2019,98,1318,5740,age_76_100
2019,99,819,4011,age_76_100
2019,100,691,4249,age_76_100
2020,0,1084,904,age_0_25
2020,1,68,70,age_0_25
2020,2,29,36,age_0_25
2020,3,31,35,age_0_25
2020,4,36,28,age_0_25
2020,5,.,.,age_0_25
2020,6,25,17,age_0_25
2020,7,31,10,age_0_25
2020,8,25,25,age_0_25
2020,9,21,19,age_0_25
2020,10,18,16,age_0_25
2020,11,.,.,age_0_25
2020,12,23,18,age_0_25
2020,13,28,26,age_0_25
2020,14,.,.,age_0_25
2020,15,.,.,age_0_25
2020,16,82,34,age_0_25
2020,17,94,40,age_0_25
2020,18,.,.,age_0_25
2020,19,165,53,age_0_25
2020,20,161,56,age_0_25
2020,21,148,66,age_0_25
2020,22,162,63,age_0_25
2020,23,184,69,age_0_25
2020,24,173,47,age_0_25
2020,25,152,66,age_0_25
2020,26,179,75,age_26_50
2020,27,182,78,age_26_50
2020,28,180,102,age_26_50
2020,29,234,102,age_26_50
2020,30,247,120,age_26_50
2020,31,262,150,age_26_50
2020,32,275,140,age_26_50
2020,33,325,148,age_26_50
2020,34,330,169,age_26_50
2020,35,362,219,age_26_50
2020,36,429,197,age_26_50
2020,37,486,223,age_26_50
2020,38,478,227,age_26_50
2020,39,543,296,age_26_50
2020,40,578,261,age_26_50
2020,41,614,292,age_26_50
2020,42,592,319,age_26_50
2020,43,690,368,age_26_50
2020,44,715,397,age_26_50
2020,45,734,415,age_26_50
2020,46,790,476,age_26_50
2020,47,945,514,age_26_50
2020,48,1274,741,age_26_50
2020,49,1523,859,age_26_50
2020,50,1768,948,age_26_50
2020,51,2116,1151,age_51_75
2020,52,2413,1274,age_51_75
2020,53,2831,1511,age_51_75
2020,54,3158,1770,age_51_75
2020,55,3684,1978,age_51_75
2020,56,4154,2103,age_51_75
2020,57,4363,2364,age_51_75
2020,58,4880,2633,age_51_75
2020,59,5160,2854,age_51_75
2020,60,5473,3078,age_51_75
2020,61,5965,3156,age_51_75
2020,62,6197,3296,age_51_75
2020,63,6621,3598,age_51_75
2020,64,6924,3759,age_51_75
2020,65,7419,4049,age_51_75
2020,66,7629,4223,age_51_75
2020,67,8070,4404,age_51_75
2020,68,8776,4885,age_51_75
2020,69,9156,5405,age_51_75
2020,70,9267,5734,age_51_75
2020,71,9554,5873,age_51_75
2020,72,9007,5819,age_51_75
2020,73,9270,6126,age_51_75
2020,74,7592,5294,age_51_75
2020,75,9912,6832,age_51_75
2020,76,12303,8887,age_76_100
2020,77,12658,9287,age_76_100
2020,78,15053,11552,age_76_100
2020,79,17299,14083,age_76_100
2020,80,20010,16489,age_76_100
2020,81,19830,17370,age_76_100
2020,82,19171,17946,age_76_100
2020,83,19323,19337,age_76_100
2020,84,19239,20583,age_76_100
2020,85,19556,21938,age_76_100
2020,86,16273,19799,age_76_100
2020,87,14496,18997,age_76_100
2020,88,14139,19899,age_76_100
2020,89,14061,20970,age_76_100
2020,90,13029,21495,age_76_100
2020,91,11450,20502,age_76_100
2020,92,9508,18761,age_76_100
2020,93,7324,16689,age_76_100
2020,94,5697,14962,age_76_100
2020,95,4052,12426,age_76_100
2020,96,2749,9796,age_76_100
2020,97,1956,7595,age_76_100
2020,98,1421,6035,age_76_100
2020,99,985,4291,age_76_100
2020,100,1032,5858,age_76_100
2021,0,1113,857,age_0_25
2021,1,73,69,age_0_25
2021,2,38,32,age_0_25
2021,3,38,33,age_0_25
2021,4,37,30,age_0_25
2021,5,39,19,age_0_25
2021,6,20,17,age_0_25
2021,7,22,21,age_0_25
2021,8,.,.,age_0_25
2021,9,21,18,age_0_25
2021,10,22,11,age_0_25
2021,11,19,17,age_0_25
2021,12,.,.,age_0_25
2021,13,36,28,age_0_25
2021,14,38,43,age_0_25
2021,15,56,41,age_0_25
2021,16,81,46,age_0_25
2021,17,104,39,age_0_25
2021,18,141,50,age_0_25
2021,19,159,71,age_0_25
2021,20,158,69,age_0_25
2021,21,158,72,age_0_25
2021,22,155,61,age_0_25
2021,23,145,63,age_0_25
2021,24,167,67,age_0_25
2021,25,152,65,age_0_25
2021,26,192,60,age_26_50
2021,27,181,72,age_26_50
2021,28,225,94,age_26_50
2021,29,191,96,age_26_50
2021,30,260,107,age_26_50
2021,31,270,139,age_26_50
2021,32,255,149,age_26_50
2021,33,284,173,age_26_50
2021,34,351,188,age_26_50
2021,35,372,178,age_26_50
2021,36,394,220,age_26_50
2021,37,460,238,age_26_50
2021,38,510,264,age_26_50
2021,39,525,263,age_26_50
2021,40,577,317,age_26_50
2021,41,597,341,age_26_50
2021,42,631,336,age_26_50
2021,43,718,403,age_26_50
2021,44,776,420,age_26_50
2021,45,815,419,age_26_50
2021,46,868,498,age_26_50
2021,47,1011,540,age_26_50
2021,48,1111,653,age_26_50
2021,49,1502,817,age_26_50
2021,50,1794,969,age_26_50
2021,51,2070,1131,age_51_75
2021,52,2477,1292,age_51_75
2021,53,2746,1520,age_51_75
2021,54,3159,1728,age_51_75
2021,55,3704,1933,age_51_75
2021,56,4161,2224,age_51_75
2021,57,4641,2435,age_51_75
2021,58,5069,2692,age_51_75
2021,59,5496,2914,age_51_75
2021,60,6016,3147,age_51_75
2021,61,6407,3309,age_51_75
2021,62,6801,3475,age_51_75
2021,63,6967,3785,age_51_75
2021,64,7483,4031,age_51_75
2021,65,7846,4266,age_51_75
2021,66,8391,4563,age_51_75
2021,67,8598,4898,age_51_75
2021,68,8974,5212,age_51_75
2021,69,9648,5569,age_51_75
2021,70,10107,5969,age_51_75
2021,71,10354,6374,age_51_75
2021,72,10352,6618,age_51_75
2021,73,9938,6427,age_51_75
2021,74,10164,6773,age_51_75
2021,75,8331,6002,age_51_75
2021,76,10558,7674,age_76_100
2021,77,13431,10069,age_76_100
2021,78,13675,10558,age_76_100
2021,79,16158,13160,age_76_100
2021,80,18902,16234,age_76_100
2021,81,21154,18762,age_76_100
2021,82,21065,19479,age_76_100
2021,83,20605,20043,age_76_100
2021,84,20299,21193,age_76_100
2021,85,19967,22476,age_76_100
2021,86,19556,23336,age_76_100
2021,87,16332,20997,age_76_100
2021,88,14013,19283,age_76_100
2021,89,13583,20376,age_76_100
2021,90,12910,21182,age_76_100
2021,91,11460,20588,age_76_100
2021,92,10279,19031,age_76_100
2021,93,8073,16796,age_76_100
2021,94,6078,14612,age_76_100
2021,95,4476,12459,age_76_100
2021,96,3155,10281,age_76_100
2021,97,2102,7636,age_76_100
2021,98,1466,5779,age_76_100
2021,99,993,4348,age_76_100
2021,100,1251,6707,age_76_100
