year,country,temp,population,qnt_death_heat_cold_exposure
1990,Albania,6.168939882484902,3286542,5
1991,Albania,6.219890617273474,3266790,5
1992,Albania,6.284930320977781,3247039,5
1993,Albania,6.324315808376162,3227287,5
1994,Albania,6.357706119414795,3207536,5
1995,Albania,6.402805470257012,3187784,6
1996,Albania,6.43447769704388,3168033,6
1997,Albania,6.476668790398512,3148281,7
1998,Albania,6.517578356359427,3128530,7
1999,Albania,6.543846906969869,3108778,7
2000,Albania,6.584348572702699,3089027,6
2001,Albania,6.613039477213117,3060173,6
2002,Albania,6.669090100529025,3051010,6
2003,Albania,6.704377521044339,3039616,6
2004,Albania,6.7271767146474355,3026939,8
2005,Albania,6.764397451384069,3011487,5
2006,Albania,6.794321334659904,2992547,4
2007,Albania,6.817794577377014,2970017,4
2008,Albania,6.870658960211104,2947314,4
2009,Albania,6.89828327266916,2927519,4
2010,Albania,6.916490532591871,2913021,5
2011,Albania,6.959197836592185,2905195,5
2012,Albania,7.011873588332353,2900401,9
2013,Albania,7.038736480745217,2895092,4
2014,Albania,7.059932928793034,2889104,4
2015,Albania,7.080180028121663,2880703,4
2016,Albania,7.087802347491435,2876101,4
2017,Albania,7.13684881143046,2873457,10
2018,Albania,7.172294708827031,2866376,4
2019,Albania,7.196747701952948,2854191,4
1990,Andorra,11.227685758045745,54508,0
1991,Andorra,11.246759347404751,56666,0
1992,Andorra,11.290480331863677,58882,0
1993,Andorra,11.322258506502425,60974,0
1994,Andorra,11.339005385126388,62676,0
1995,Andorra,11.375057796069552,63860,0
1996,Andorra,11.397510938985008,64363,0
1997,Andorra,11.422753606523788,64318,0
1998,Andorra,11.441243725163597,64140,0
1999,Andorra,11.471953608308521,64368,0
2000,Andorra,11.502462662969318,65390,0
2001,Andorra,11.538047134876251,67344,0
2002,Andorra,11.571289910588945,70048,0
2003,Andorra,11.585414285319194,73180,0
2004,Andorra,11.60671647616795,76250,0
2005,Andorra,11.62960368565151,78871,0
2006,Andorra,11.646299985476904,80995,0
2007,Andorra,11.656169065407347,82682,0
2008,Andorra,11.692860724244802,83860,0
2009,Andorra,11.70753140960421,84461,0
2010,Andorra,11.716516457285199,84454,0
2011,Andorra,11.739402874878476,83748,0
2012,Andorra,11.774752829756057,82427,0
2013,Andorra,11.792690525736127,80770,0
2014,Andorra,11.816433564254215,79213,0
2015,Andorra,11.828927997180394,77993,0
2016,Andorra,11.84027946846826,77295,0
2017,Andorra,11.869958966118947,76997,0
2018,Andorra,11.896729997226167,77008,0
2019,Andorra,11.922804192134311,77146,0
1990,Austria,5.379048269961789,7677850,24
1991,Austria,5.425975476681439,7754891,24
1992,Austria,5.490044518731016,7840709,22
1993,Austria,5.532617832372301,7905633,21
1994,Austria,5.567223254539089,7936118,21
1995,Austria,5.6163239684957995,7948278,21
1996,Austria,5.63946286905672,7959017,21
1997,Austria,5.6769655173669555,7968041,20
1998,Austria,5.708612237597615,7976789,19
1999,Austria,5.726038572030484,7992324,20
2000,Austria,5.763860315736795,8011566,21
2001,Austria,5.78721312624956,8042293,23
2002,Austria,5.836683586841047,8081957,23
2003,Austria,5.8791343439065695,8121423,38
2004,Austria,5.891689397299676,8171966,28
2005,Austria,5.916635997638944,8227829,32
2006,Austria,5.942966425997424,8268641,34
2007,Austria,5.963077961934203,8295487,37
2008,Austria,6.0207591625672565,8321496,36
2009,Austria,6.054593573543665,8343323,49
2010,Austria,6.079066165141151,8363404,40
2011,Austria,6.113374899211506,8391643,40
2012,Austria,6.157482600401454,8429991,48
2013,Austria,6.179635342404411,8479823,41
2014,Austria,6.195396226301614,8546356,38
2015,Austria,6.212316152788172,8642699,39
2016,Austria,6.214257098285156,8736668,37
2017,Austria,6.274015670960693,8797566,36
2018,Austria,6.308241791952651,8840521,35
2019,Austria,6.3347391763610075,8879920,35
1990,Belgium,8.598514627577861,9967379,28
1991,Belgium,8.624691663514202,10004486,30
1992,Belgium,8.676639799855781,10045158,38
1993,Belgium,8.712210830091742,10084475,43
1994,Belgium,8.735067258815095,10115603,46
1995,Belgium,8.777287290711525,10136811,46
1996,Belgium,8.792953961024319,10156637,43
1997,Belgium,8.827184224479932,10181245,46
1998,Belgium,8.847018619410951,10203008,40
1999,Belgium,8.86472397083411,10226419,39
2000,Belgium,8.895417603130138,10251250,37
2001,Belgium,8.917286057063784,10286570,35
2002,Belgium,8.960638977631906,10332785,37
2003,Belgium,8.995886378449569,10376133,78
2004,Belgium,9.007595624939317,10421137,38
2005,Belgium,9.02374000765231,10478617,43
2006,Belgium,9.041082048637275,10547958,111
2007,Belgium,9.052937489679755,10625700,43
2008,Belgium,9.09894599110715,10709973,44
2009,Belgium,9.125000594355551,10796493,45
2010,Belgium,9.140060681302987,10895586,47
2011,Belgium,9.170147858612953,11038264,44
2012,Belgium,9.204467357798324,11106932,53
2013,Belgium,9.215368202977364,11159407,48
2014,Belgium,9.238259734576703,11209057,45
2015,Belgium,9.2540371950636775,11274196,63
2016,Belgium,9.256220669871277,11331422,48
2017,Belgium,9.303267255482371,11375158,48
2018,Belgium,9.33252330393463,11427054,48
2019,Belgium,9.35607848724122,11488980,48
1990,Benin,14.321317132906183,4978489,37
1991,Benin,14.34278307979114,5149496,38
1992,Benin,14.377947747120976,5331805,40
1993,Benin,14.407304326001777,5521761,41
1994,Benin,14.423308627868513,5714215,43
1995,Benin,14.454957589845105,5905552,45
1996,Benin,14.479329214830313,6094272,47
1997,Benin,14.505116478803322,6281644,49
1998,Benin,14.530479582598767,6470275,51
1999,Benin,14.561187238628332,6664102,53
2000,Benin,14.595790321861209,6865946,54
2001,Benin,14.631754722789987,7076728,55
2002,Benin,14.662713484847046,7295400,57
2003,Benin,14.684663058860352,7520556,57
2004,Benin,14.710921631007226,7750003,58
2005,Benin,14.74061324340309,7982223,59
2006,Benin,14.758486974212172,8216893,59
2007,Benin,14.771722729195258,8454790,60
2008,Benin,14.799887037629029,8696915,62
2009,Benin,14.82047691977325,8944713,64
2010,Benin,14.836563751124054,9199254,66
2011,Benin,14.865801232485248,9460829,68
2012,Benin,14.892548684453443,9729254,70
2013,Benin,14.920172950233333,10004594,71
2014,Benin,14.944297366621916,10286839,72
2015,Benin,14.961169834486693,10575962,75
2016,Benin,14.974727947935616,10872072,76
2017,Benin,14.998238699879742,11175192,76
2018,Benin,15.028081419789169,11485035,74
2019,Benin,15.06107974304924,11801151,74
1990,Burkina Faso,13.267583556282004,8811033,79
1991,Burkina Faso,13.288589380545552,9050086,80
1992,Burkina Faso,13.31988101865052,9297110,80
1993,Burkina Faso,13.344339815296374,9552473,81
1994,Burkina Faso,13.3616382722049,9816584,83
1995,Burkina Faso,13.393202610000742,10089880,84
1996,Burkina Faso,13.41306668573568,10372734,84
1997,Burkina Faso,13.432699675874638,10665552,85
1998,Burkina Faso,13.456889704595495,10968722,86
1999,Burkina Faso,13.483556377521689,11282696,87
2000,Burkina Faso,13.517031817657601,11607951,90
2001,Burkina Faso,13.55034064064689,11944589,89
2002,Burkina Faso,13.581934274845839,12293097,90
2003,Burkina Faso,13.605544172433572,12654624,90
2004,Burkina Faso,13.630143111758537,13030576,90
2005,Burkina Faso,13.654734554368378,13421935,91
2006,Burkina Faso,13.671434216406853,13829173,92
2007,Burkina Faso,13.683546760066442,14252029,92
2008,Burkina Faso,13.714962751697628,14689725,94
2009,Burkina Faso,13.741105350741115,15141098,96
2010,Burkina Faso,13.762177874097398,15605211,100
2011,Burkina Faso,13.785255720009843,16081915,102
2012,Burkina Faso,13.813413918310863,16571252,108
2013,Burkina Faso,13.840010488768536,17072791,115
2014,Burkina Faso,13.860275091386537,17586029,120
2015,Burkina Faso,13.879630316718439,18110616,126
2016,Burkina Faso,13.893093794395131,18646350,132
2017,Burkina Faso,13.92191923550336,19193236,136
2018,Burkina Faso,13.950296135584425,19751466,138
2019,Burkina Faso,13.981699061712956,20321383,138
1990,Bulgaria,5.377142747835786,8718289,106
1991,Bulgaria,5.4338319201051855,8632367,108
1992,Bulgaria,5.507856071620196,8540164,117
1993,Bulgaria,5.54199572023835,8472313,134
1994,Bulgaria,5.580019662386388,8443591,143
1995,Bulgaria,5.623318516523299,8406067,148
1996,Bulgaria,5.647201705053584,8362826,154
1997,Bulgaria,5.693840205224499,8312068,166
1998,Bulgaria,5.737459714385382,8256786,199
1999,Bulgaria,5.762639531095336,8210624,149
2000,Bulgaria,5.805019202354529,8170172,164
2001,Bulgaria,5.839640214398094,8009142,151
2002,Bulgaria,5.905626870660283,7837161,151
2003,Bulgaria,5.954727508907207,7775327,154
2004,Bulgaria,5.9734631192129175,7716860,150
2005,Bulgaria,6.014360854378866,7658972,160
2006,Bulgaria,6.047528508711523,7601022,192
2007,Bulgaria,6.079165143554916,7545338,154
2008,Bulgaria,6.139053026270721,7492561,159
2009,Bulgaria,6.172612474967134,7444443,144
2010,Bulgaria,6.1968992550892805,7395599,153
2011,Bulgaria,6.23781186550547,7348328,131
2012,Bulgaria,6.298438778786638,7305888,220
2013,Bulgaria,6.332551657285084,7265115,129
2014,Bulgaria,6.351430556775076,7223938,134
2015,Bulgaria,6.3798827968690315,7177991,127
2016,Bulgaria,6.390430891552408,7127822,124
2017,Bulgaria,6.44999774086002,7075947,121
2018,Bulgaria,6.494328076891765,7025037,118
2019,Bulgaria,6.52718068840209,6975761,115
1990,Bosnia and Herzegovina,5.541567085015055,4463422,3
1991,Bosnia and Herzegovina,5.592308936349979,4369320,4
1992,Bosnia and Herzegovina,5.659140331473411,4233673,4
1993,Bosnia and Herzegovina,5.70213436032451,4078940,4
1994,Bosnia and Herzegovina,5.73810808960637,3936527,4
1995,Bosnia and Herzegovina,5.785799511667655,3829049,4
1996,Bosnia and Herzegovina,5.8164465803885665,3764419,3
1997,Bosnia and Herzegovina,5.857886493196039,3736070,3
1998,Bosnia and Herzegovina,5.896780972497756,3734338,3
1999,Bosnia and Herzegovina,5.9189470652256775,3743353,3
2000,Bosnia and Herzegovina,5.959904036544524,3751176,4
2001,Bosnia and Herzegovina,5.985669452883718,3755514,4
2002,Bosnia and Herzegovina,6.040109247542518,3759389,6
2003,Bosnia and Herzegovina,6.0783862268788305,3762179,8
2004,Bosnia and Herzegovina,6.096266815319295,3764194,10
2005,Bosnia and Herzegovina,6.12706857797935,3765332,12
2006,Bosnia and Herzegovina,6.156614583100229,3765422,14
2007,Bosnia and Herzegovina,6.178969490139233,3762791,16
2008,Bosnia and Herzegovina,6.236528697638898,3754261,16
2009,Bosnia and Herzegovina,6.266914306916155,3735945,17
2010,Bosnia and Herzegovina,6.288407102372655,3705478,18
2011,Bosnia and Herzegovina,6.326030525172367,3661173,16
2012,Bosnia and Herzegovina,6.377754206411117,3604972,19
2013,Bosnia and Herzegovina,6.4039278898992595,3542598,15
2014,Bosnia and Herzegovina,6.42203424083494,3482106,14
2015,Bosnia and Herzegovina,6.440406457372833,3429362,15
2016,Bosnia and Herzegovina,6.445205295130304,3386263,15
2017,Bosnia and Herzegovina,6.500593170542794,3351534,15
2018,Bosnia and Herzegovina,6.53614862269593,3323929,14
2019,Bosnia and Herzegovina,6.562998908949442,3300998,14
1990,Belarus,3.3345767839419334,10189348,777
1991,Belarus,3.3955131788009925,10194050,801
1992,Belarus,3.476361314015905,10216470,841
1993,Belarus,3.5135722780746526,10239050,934
1994,Belarus,3.558535753055998,10226955,944
1995,Belarus,3.6037733404109016,10193831,980
1996,Belarus,3.6262931825984612,10159569,943
1997,Belarus,3.681864122393134,10117433,921
1998,Belarus,3.7312403036362243,10071963,917
1999,Belarus,3.755481448451103,10026738,916
2000,Belarus,3.8017670254686293,9979610,840
2001,Belarus,3.8406476678293284,9928549,883
2002,Belarus,3.9095297862595837,9865548,919
2003,Belarus,3.967072088534876,9796749,902
2004,Belarus,3.9828385269085733,9730146,992
2005,Belarus,4.023132456548694,9663915,1100
2006,Belarus,4.054427008760179,9604924,1099
2007,Belarus,4.094025817261927,9560953,1029
2008,Belarus,4.164108179747717,9527985,1156
2009,Belarus,4.204728940024708,9504583,1173
2010,Belarus,4.245930985079732,9483836,1125
2011,Belarus,4.279842744142453,9461643,1190
2012,Belarus,4.3527336956692855,9446836,913
2013,Belarus,4.391296333383525,9443211,806
2014,Belarus,4.407439543267618,9448515,732
2015,Belarus,4.444215115672386,9461076,668
2016,Belarus,4.457289066017211,9469379,638
2017,Belarus,4.5352340435011325,9458989,673
2018,Belarus,4.590720533137543,9438785,622
2019,Belarus,4.634284625636306,9419758,619
1990,Switzerland,6.4659156737155365,6715519,6
1991,Switzerland,6.502046756476295,6799978,6
1992,Switzerland,6.557161970692548,6875364,6
1993,Switzerland,6.596688573014629,6938265,6
1994,Switzerland,6.623342542448394,6993795,7
1995,Switzerland,6.670357589431093,7040687,8
1996,Switzerland,6.688929344111452,7071850,9
1997,Switzerland,6.724019755370096,7088906,11
1998,Switzerland,6.749292234624507,7110001,12
1999,Switzerland,6.767968670957873,7143991,14
2000,Switzerland,6.800943407316999,7184250,14
2001,Switzerland,6.823245660264164,7229854,13
2002,Switzerland,6.868932044130312,7284753,13
2003,Switzerland,6.906794978303021,7339001,14
2004,Switzerland,6.919476743256548,7389625,15
2005,Switzerland,6.942010058557799,7437115,17
2006,Switzerland,6.963360332527909,7483934,14
2007,Switzerland,6.978838103407782,7551117,12
2008,Switzerland,7.027016644181124,7647675,11
2009,Switzerland,7.055641193705197,7743831,11
2010,Switzerland,7.074485174329469,7824909,11
2011,Switzerland,7.108074050701869,7912398,10
2012,Switzerland,7.1445480973746776,7996861,14
2013,Switzerland,7.160741147674011,8089346,10
2014,Switzerland,7.182848216890862,8188649,10
2015,Switzerland,7.199289623256235,8282396,11
2016,Switzerland,7.20330638370689,8373338,11
2017,Switzerland,7.254750967990855,8451840,11
2018,Switzerland,7.28558313876118,8514329,11
2019,Switzerland,7.310276244993004,8575280,11
1990,Cyprus,6.184016351293855,766616,4
1991,Cyprus,6.23273742794085,783121,5
1992,Cyprus,6.299678119296912,800610,5
1993,Cyprus,6.323072811037717,818750,4
1994,Cyprus,6.362938985605634,837104,4
1995,Cyprus,6.403937940539998,855391,4
1996,Cyprus,6.424924413983047,873426,4
1997,Cyprus,6.475045837437833,891190,4
1998,Cyprus,6.522776732587212,908710,56
1999,Cyprus,6.555291158429448,926049,4
2000,Cyprus,6.599160638724624,943288,9
2001,Cyprus,6.642656913180802,960274,4
2002,Cyprus,6.70990677707092,976968,4
2003,Cyprus,6.757087808630334,993562,4
2004,Cyprus,6.773001196745749,1010410,4
2005,Cyprus,6.82521075705294,1027657,4
2006,Cyprus,6.853536626821407,1045508,3
2007,Cyprus,6.883072758130658,1063708,7
2008,Cyprus,6.929955899412676,1081568,3
2009,Cyprus,6.962508299042769,1098089,3
2010,Cyprus,6.997092594187522,1112617,3
2011,Cyprus,7.0345262804959665,1124837,3
2012,Cyprus,7.0975237795093316,1135046,3
2013,Cyprus,7.1381332834747955,1143866,3
2014,Cyprus,7.162570467867605,1152297,3
2015,Cyprus,7.19824036189812,1160987,3
2016,Cyprus,7.217846623817195,1170189,3
2017,Cyprus,7.267261942337851,1179685,3
2018,Cyprus,7.313291457210029,1189262,3
2019,Cyprus,7.349664186358415,1198574,3
1990,Czechia,4.565685905787386,10333355,89
1991,Czechia,4.616987028248541,10308578,91
1992,Czechia,4.6850440724459075,10319123,91
1993,Czechia,4.7292577592648675,10329855,87
1994,Czechia,4.7678546014417424,10333587,82
1995,Czechia,4.816750081031299,10327253,82
1996,Czechia,4.842406503650146,10315241,86
1997,Czechia,4.882419172148596,10304131,88
1998,Czechia,4.918088871524891,10294373,85
1999,Czechia,4.935003939507744,10283860,90
2000,Czechia,4.9755888321391835,10255063,100
2001,Czechia,5.000021466856911,10216605,109
2002,Czechia,5.052019027901027,10196916,115
2003,Czechia,5.0968969138074725,10193998,128
2004,Czechia,5.1093363196390325,10197101,134
2005,Czechia,5.132884393391995,10211216,138
2006,Czechia,5.161662995739614,10238905,167
2007,Czechia,5.184960122194042,10298828,144
2008,Czechia,5.2482198676053144,10384603,152
2009,Czechia,5.285704497418651,10443936,157
2010,Czechia,5.315042318179874,10474410,198
2011,Czechia,5.3485805632091985,10496088,156
2012,Czechia,5.397387770125903,10510785,174
2013,Czechia,5.421574386425356,10514272,147
2014,Czechia,5.43564149595778,10525347,141
2015,Czechia,5.4546247305117115,10546059,143
2016,Czechia,5.456808709257978,10566332,144
2017,Czechia,5.522978522480846,10594438,143
2018,Czechia,5.5596928920312685,10629928,142
2019,Czechia,5.588669719238703,10671870,135
1990,Germany,6.056192706035674,79433029,205
1991,Germany,6.098570900642341,80013896,204
1992,Germany,6.159286751705855,80624598,204
1993,Germany,6.200242986184477,81156363,211
1994,Germany,6.23127421235899,81438348,211
1995,Germany,6.2798348811577345,81678051,225
1996,Germany,6.299239372265959,81914831,232
1997,Germany,6.335438189930771,82034771,221
1998,Germany,6.36391457430215,82047195,202
1999,Germany,6.380120252285691,82100243,185
2000,Germany,6.415145646203826,82211508,179
2001,Germany,6.437340052435818,82349925,176
2002,Germany,6.484690452999863,82488495,173
2003,Germany,6.526552740805162,82534176,176
2004,Germany,6.537661450891642,82516260,160
2005,Germany,6.5605439511547905,82469422,165
2006,Germany,6.584048150415691,82376451,196
2007,Germany,6.601957806384082,82266372,151
2008,Germany,6.656092303371232,82110097,151
2009,Germany,6.688414785117082,81902307,185
2010,Germany,6.710340546297107,81776930,216
2011,Germany,6.743766251869142,80274983,153
2012,Germany,6.784075321683006,80425823,169
2013,Germany,6.802666408513976,80645605,156
2014,Germany,6.820405493259296,80982500,151
2015,Germany,6.837003389448415,81686611,155
2016,Germany,6.838821568168347,82348669,148
2017,Germany,6.896269044793777,82657002,149
2018,Germany,6.928693924649333,82905782,149
2019,Germany,6.953582101055484,83092962,150
1990,Denmark,3.882980806791521,5140939,5
1991,Denmark,3.931078992134163,5154298,5
1992,Denmark,3.997126636170966,5171370,6
1993,Denmark,4.043122936281839,5188628,7
1994,Denmark,4.079893499711698,5206180,9
1995,Denmark,4.126553838411796,5233373,11
1996,Denmark,4.147139470447413,5263074,12
1997,Denmark,4.185356678587551,5284991,13
1998,Denmark,4.216567204986395,5304219,14
1999,Denmark,4.2288910636893835,5321799,16
2000,Denmark,4.269129848462866,5339616,16
2001,Denmark,4.294904230607073,5358783,18
2002,Denmark,4.3462296537454295,5375931,18
2003,Denmark,4.394140038664269,5390574,18
2004,Denmark,4.403703235453304,5404523,18
2005,Denmark,4.418913279684492,5419432,18
2006,Denmark,4.443358900381383,5437272,18
2007,Denmark,4.465662018496032,5461438,18
2008,Denmark,4.530018735620418,5493621,18
2009,Denmark,4.575973419428732,5523095,18
2010,Denmark,4.610415613941257,5547683,18
2011,Denmark,4.639534529170555,5570572,16
2012,Denmark,4.680768312677835,5591572,16
2013,Denmark,4.701415114451255,5614932,15
2014,Denmark,4.713302361643889,5643475,15
2015,Denmark,4.734117637942512,5683483,14
2016,Denmark,4.736789483033855,5728010,14
2017,Denmark,4.8081134643352454,5764980,14
2018,Denmark,4.8441129827097935,5793636,14
2019,Denmark,4.873176642124907,5814422,14
1990,Algeria,12.50041397398098,25758872,35
1991,Algeria,12.526476753587927,26400468,34
1992,Algeria,12.562982537659625,27028330,34
1993,Algeria,12.591503660286536,27635517,34
1994,Algeria,12.610739352962144,28213777,34
1995,Algeria,12.644730274878512,28757788,33
1996,Algeria,12.666200073055139,29266415,33
1997,Algeria,12.690580065297306,29742980,33
1998,Algeria,12.715805295655944,30192750,33
1999,Algeria,12.74193325376174,30623406,33
2000,Algeria,12.776200366779069,31042238,33
2001,Algeria,12.807727597043405,31451513,33
2002,Algeria,12.84189434507054,31855110,34
2003,Algeria,12.869258972088765,32264159,73
2004,Algeria,12.891432896174585,32692153,33
2005,Algeria,12.916486419000803,33149720,33
2006,Algeria,12.935099441493252,33641007,33
2007,Algeria,12.949022486456899,34166976,33
2008,Algeria,12.983102728648845,34730604,33
2009,Algeria,13.0109106208027,35333882,33
2010,Algeria,13.030685667663843,35977451,33
2011,Algeria,13.058373482412076,36661438,33
2012,Algeria,13.08672039806258,37383899,33
2013,Algeria,13.111771092349032,38140135,33
2014,Algeria,13.13328872451468,38923688,33
2015,Algeria,13.151377245952125,39728020,33
2016,Algeria,13.162561274887462,40551398,32
2017,Algeria,13.194118782298888,41389174,32
2018,Algeria,13.223142752895104,42228415,32
2019,Algeria,13.252610394242618,43053054,40
1990,Spain,12.960566874364211,38867322,104
1991,Spain,12.982466364582182,38966376,103
1992,Spain,13.012199361839432,39157685,100
1993,Spain,13.036466822444671,39361262,96
1994,Spain,13.053485875576971,39549108,98
1995,Spain,13.084043547358704,39724050,172
1996,Spain,13.104840669707656,39889852,95
1997,Spain,13.123949207790902,40057389,88
1998,Spain,13.147139914754247,40223509,80
1999,Spain,13.173709044739066,40386875,69
2000,Spain,13.207438555335571,40567864,66
2001,Spain,13.240251492750131,40850412,67
2002,Spain,13.271653263762582,41431558,68
2003,Spain,13.29514823453476,42187645,239
2004,Spain,13.31942163805155,42921895,156
2005,Spain,13.342233175502841,43653155,109
2006,Spain,13.358741540889383,44397319,128
2007,Spain,13.370492407823416,45226803,72
2008,Spain,13.402687064780917,45954106,70
2009,Spain,13.43091181268063,46362946,67
2010,Spain,13.454009211251256,46576897,64
2011,Spain,13.476514038527762,46742697,60
2012,Spain,13.504321388214443,46773055,59
2013,Spain,13.530682668929783,46620045,56
2014,Spain,13.550908137988737,46480882,55
2015,Spain,13.569907987521669,46444832,59
2016,Spain,13.583757663033532,46484062,58
2017,Spain,13.612854101689397,46593236,58
2018,Spain,13.63957063201364,46797754,68
2019,Spain,13.670054667886788,47134837,59
1990,Estonia,1.765332738526127,1569174,139
1991,Estonia,1.8241464338011688,1561314,147
1992,Estonia,1.9055939321929163,1533091,145
1993,Estonia,1.9521556796014143,1494128,163
1994,Estonia,1.9973897855956728,1462514,179
1995,Estonia,2.0421689246896966,1436634,173
1996,Estonia,2.075406965576907,1415594,150
1997,Estonia,2.131899300904231,1399535,153
1998,Estonia,2.185696692478161,1386156,173
1999,Estonia,2.209586195701947,1390244,175
2000,Estonia,2.2601567488263794,1396985,187
2001,Estonia,2.3007835084362918,1388115,212
2002,Estonia,2.3614108989747824,1379350,201
2003,Estonia,2.4177037477931633,1370720,180
2004,Estonia,2.4407259417726705,1362550,165
2005,Estonia,2.4716054915178862,1354775,147
2006,Estonia,2.5082361209073363,1346810,134
2007,Estonia,2.5500378488803666,1340680,124
2008,Estonia,2.6341431163756885,1337090,99
2009,Estonia,2.683668949448823,1334515,86
2010,Estonia,2.733647108542487,1331475,75
2011,Estonia,2.767904900286935,1327439,73
2012,Estonia,2.8439963961848487,1322696,86
2013,Estonia,2.8826215729144433,1317997,61
2014,Estonia,2.898841141382046,1314545,58
2015,Estonia,2.9393055038712297,1315407,53
2016,Estonia,2.950565089209836,1315790,56
2017,Estonia,3.036710223352717,1317384,54
2018,Estonia,3.0916497502064497,1321977,61
2019,Estonia,3.143281833269883,1326855,53
1990,Finland,0.9438848194321402,4986431,48
1991,Finland,1.0015099750548608,5013740,56
1992,Finland,1.082426375926531,5041992,62
1993,Finland,1.1315081498083537,5066447,67
1994,Finland,1.177865776125386,5088333,72
1995,Finland,1.2240385565671272,5107790,81
1996,Finland,1.2609006734788342,5124573,90
1997,Finland,1.3192868352954938,5139835,99
1998,Finland,1.3770336513761001,5153498,104
1999,Finland,1.4036832235528396,5165474,109
2000,Finland,1.4556941056117496,5176209,115
2001,Finland,1.4997643413630255,5188008,116
2002,Finland,1.5593147407457681,5200598,118
2003,Finland,1.6148189896311334,5213014,121
2004,Finland,1.641626443506931,5228172,131
2005,Finland,1.6727245506004935,5246096,125
2006,Finland,1.710285468836476,5266268,124
2007,Finland,1.7539529365048918,5288720,123
2008,Finland,1.839100844403678,5313399,120
2009,Finland,1.8891515763150057,5338871,118
2010,Finland,1.9432326636857813,5363352,119
2011,Finland,1.9774361772077576,5388272,115
2012,Finland,2.056760446280105,5413971,114
2013,Finland,2.0967406508422726,5438972,109
2014,Finland,2.1135520656963873,5461512,104
2015,Finland,2.15627929896527,5479531,100
2016,Finland,2.169835218866842,5495303,102
2017,Finland,2.257967794310924,5508214,100
2018,Finland,2.313187949353246,5515525,99
2019,Finland,2.3674548328595253,5521606,98
1990,France,9.315427587220306,58235716,695
1991,France,9.339483879698333,58559309,731
1992,France,9.384253556296457,58851216,614
1993,France,9.416709083148522,59106758,592
1994,France,9.436842205211141,59327200,573
1995,France,9.475879320801221,59541904,562
1996,France,9.495749462947183,59753095,541
1997,France,9.52283252801725,59964841,504
1998,France,9.543692742560511,60186284,469
1999,France,9.567239156862195,60496708,423
2000,France,9.598358798318221,60912500,347
2001,France,9.627759489144866,61357432,334
2002,France,9.666053385376484,61805266,319
2003,France,9.691472772600223,62244880,1974
2004,France,9.708258974844778,62704901,302
2005,France,9.72765378172887,63179356,376
2006,France,9.74564365903766,63621376,518
2007,France,9.757522634155764,64016227,316
2008,France,9.7978962606709,64374979,323
2009,France,9.821668572314017,64707035,443
2010,France,9.837597271211292,65027505,416
2011,France,9.863461407991954,65342789,335
2012,France,9.896985991403968,65659814,499
2013,France,9.91372654866999,65998685,355
2014,France,9.935238445634237,66312067,344
2015,France,9.950541300147036,66548272,389
2016,France,9.95881597246159,66724104,351
2017,France,9.998004829566458,66918020,359
2018,France,10.025404930382159,67101930,370
2019,France,10.050393692617126,67248926,1875
1990,Ghana,13.350751833650339,14773274,88
1991,Ghana,13.370816684634365,15207360,88
1992,Ghana,13.402865177024943,15653345,89
1993,Ghana,13.42750199870079,16106756,89
1994,Ghana,13.444757047269489,16561677,91
1995,Ghana,13.476644765570065,17014058,94
1996,Ghana,13.496554079747058,17462504,96
1997,Ghana,13.517217912115278,17908977,98
1998,Ghana,13.54133806954647,18357159,99
1999,Ghana,13.568337523813282,18812369,102
2000,Ghana,13.601700278245028,19278850,104
2001,Ghana,13.635238564259694,19756929,106
2002,Ghana,13.666544099449597,20246376,109
2003,Ghana,13.68943810937125,20750308,114
2004,Ghana,13.713652620334097,21272328,117
2005,Ghana,13.73897488368138,21814648,118
2006,Ghana,13.755593385376475,22379057,120
2007,Ghana,13.76799800236512,22963946,122
2008,Ghana,13.79852799994379,23563832,122
2009,Ghana,13.823133333468423,24170943,125
2010,Ghana,13.842729360430118,24779614,126
2011,Ghana,13.866304601013907,25387713,126
2012,Ghana,13.89446349168771,25996454,128
2013,Ghana,13.920138993653097,26607641,131
2014,Ghana,13.940666607271494,27224480,136
2015,Ghana,13.959781447989855,27849203,139
2016,Ghana,13.973199269733955,28481947,140
2017,Ghana,14.001779454279744,29121464,139
2018,Ghana,14.030366892428878,29767108,134
2019,Ghana,14.061827367625105,30417858,131
1990,Guinea,12.365495896784678,6352282,56
1991,Guinea,12.385676038307233,6534936,59
1992,Guinea,12.406737693198547,6716032,61
1993,Guinea,12.425296585972681,6897171,64
1994,Guinea,12.441273395651251,7081119,67
1995,Guinea,12.468257097669941,7269631,70
1996,Guinea,12.488119652592287,7463782,72
1997,Guinea,12.499200215159334,7662071,75
1998,Guinea,12.516920250841814,7860772,78
1999,Guinea,12.541003821800329,8054745,80
2000,Guinea,12.573995644111989,8240735,80
2001,Guinea,12.6062038506645,8417082,80
2002,Guinea,12.634584591267018,8586077,81
2003,Guinea,12.655779960819592,8753097,82
2004,Guinea,12.676647156998712,8925729,85
2005,Guinea,12.69042296316328,9109585,85
2006,Guinea,12.70473153516303,9307421,87
2007,Guinea,12.714381431069834,9518159,88
2008,Guinea,12.74861483515854,9738796,88
2009,Guinea,12.782346298239315,9964470,88
2010,Guinea,12.810595001774596,10192168,91
2011,Guinea,12.823817924614827,10420459,92
2012,Guinea,12.85158867525788,10652032,92
2013,Guinea,12.875782427267364,10892821,96
2014,Guinea,12.891616883548185,11150970,98
2015,Guinea,12.91031746580191,11432096,100
2016,Guinea,12.925584531833321,11738434,100
2017,Guinea,12.95450169550039,12067516,99
2018,Guinea,12.974143977823374,12414292,98
2019,Guinea,12.998943674668125,12771246,96
1990,Guinea-Bissau,1.2154649806414137,975265,11
1991,Guinea-Bissau,1.2534716187300212,997522,11
1992,Guinea-Bissau,1.2874065405820077,1020353,12
1993,Guinea-Bissau,1.3321313290543715,1043421,12
1994,Guinea-Bissau,1.358904347151236,1066345,13
1995,Guinea-Bissau,1.3852296962789514,1088850,13
1996,Guinea-Bissau,1.4296250478851285,1110835,13
1997,Guinea-Bissau,1.4783468735417484,1132505,14
1998,Guinea-Bissau,1.5010440139485395,1154372,14
1999,Guinea-Bissau,1.528920849882548,1177133,14
2000,Guinea-Bissau,1.5702250827910242,1201305,15
2001,Guinea-Bissau,1.5837681267652597,1227105,15
2002,Guinea-Bissau,1.6263496325966964,1254454,15
2003,Guinea-Bissau,1.6538934184982845,1283297,15
2004,Guinea-Bissau,1.6865345687923738,1313492,16
2005,Guinea-Bissau,1.6998545572248462,1344931,15
2006,Guinea-Bissau,1.7112504440760343,1377582,15
2007,Guinea-Bissau,1.7323723637464739,1411545,16
2008,Guinea-Bissau,1.7831423388294814,1446936,16
2009,Guinea-Bissau,1.8450321695993566,1483920,16
2010,Guinea-Bissau,1.9111855719422668,1522603,16
2011,Guinea-Bissau,1.954020134833674,1562996,16
2012,Guinea-Bissau,1.9806273160903465,1604981,15
2013,Guinea-Bissau,2.0018031355006776,1648259,16
2014,Guinea-Bissau,2.041127934971672,1692433,16
2015,Guinea-Bissau,2.066618167870945,1737207,16
2016,Guinea-Bissau,2.0898761053567885,1782434,16
2017,Guinea-Bissau,2.156211593246231,1828146,16
2018,Guinea-Bissau,2.178339452340702,1874304,15
2019,Guinea-Bissau,2.21556655634957,1920917,15
1990,Greece,6.698796339215496,10196792,43
1991,Greece,6.751070254334832,10319927,38
1992,Greece,6.8186123462082895,10399061,36
1993,Greece,6.851941147546499,10460415,35
1994,Greece,6.886617166312945,10512922,33
1995,Greece,6.928123414279671,10562153,31
1996,Greece,6.953790939462681,10608800,33
1997,Greece,6.997538589682793,10661259,34
1998,Greece,7.039413909161478,10720509,37
1999,Greece,7.066870585228321,10761698,32
2000,Greece,7.108183805634179,10805808,39
2001,Greece,7.141723522195831,10862132,28
2002,Greece,7.202315509604612,10902022,26
2003,Greece,7.245996233871335,10928070,24
2004,Greece,7.266017468436639,10955141,22
2005,Greece,7.306486168576859,10987314,22
2006,Greece,7.337487941263108,11020362,22
2007,Greece,7.365752693465353,11048473,48
2008,Greece,7.419735381082997,11077841,22
2009,Greece,7.45122022385668,11107017,20
2010,Greece,7.473259760846942,11121341,21
2011,Greece,7.514290333366915,11104899,21
2012,Greece,7.569399921765253,11045011,28
2013,Greece,7.601028330165318,10965211,21
2014,Greece,7.621903067846111,10892413,21
2015,Greece,7.647885985696923,10820883,22
2016,Greece,7.658578776403619,10775971,22
2017,Greece,7.710162779481515,10754679,23
2018,Greece,7.75067587743616,10732882,24
2019,Greece,7.77990195156055,10721582,24
1990,Greenland,1.8349202215056963,55600,2
1991,Greenland,1.8707447598685982,55500,2
1992,Greenland,1.9020640799161146,55300,2
1993,Greenland,1.9449662464296087,55200,2
1994,Greenland,1.9719202758178735,55500,2
1995,Greenland,1.9910135685039951,55800,2
1996,Greenland,2.029829309020001,55900,2
1997,Greenland,2.0771999046990524,56000,2
1998,Greenland,2.0958186454997647,56100,2
1999,Greenland,2.1223690173581167,56100,2
2000,Greenland,2.1619367038858273,56200,2
2001,Greenland,2.1724967810181504,56350,2
2002,Greenland,2.2168121617439405,56609,2
2003,Greenland,2.2428276661849944,56765,2
2004,Greenland,2.2743911444850196,56911,2
2005,Greenland,2.284726079592121,56935,2
2006,Greenland,2.2997568003902904,56774,2
2007,Greenland,2.321226327162085,56555,2
2008,Greenland,2.365161839258525,56328,2
2009,Greenland,2.4217928917872196,56323,2
2010,Greenland,2.4817757119869452,56905,2
2011,Greenland,2.522389135101155,56890,2
2012,Greenland,2.543297529537928,56810,2
2013,Greenland,2.5577921884782926,56483,2
2014,Greenland,2.5891031089469934,56295,2
2015,Greenland,2.6149338663577875,56114,2
2016,Greenland,2.632278288502637,56186,2
2017,Greenland,2.6945708672927418,56171,2
2018,Greenland,2.7133776324400025,56023,2
2019,Greenland,2.745758894837318,56225,2
1990,Croatia,5.648917661927994,4777368,49
1991,Croatia,5.698436887896352,4689022,48
1992,Croatia,5.763883864822121,4575818,45
1993,Croatia,5.80682450725477,4600463,44
1994,Croatia,5.842369893515972,4652024,40
1995,Croatia,5.890130143058811,4620030,42
1996,Croatia,5.918399809619838,4557097,44
1997,Croatia,5.958193094890088,4534920,45
1998,Croatia,5.9944572746371945,4532135,42
1999,Croatia,6.015617903583763,4512597,42
2000,Croatia,6.055390216273092,4468302,37
2001,Croatia,6.0804038411532355,4299642,35
2002,Croatia,6.132533786486345,4302174,33
2003,Croatia,6.171635909964422,4303399,44
2004,Croatia,6.187767536518379,4304600,34
2005,Croatia,6.217049374578301,4310145,49
2006,Croatia,6.245458758798652,4311159,33
2007,Croatia,6.266835456359026,4310217,31
2008,Croatia,6.323947717202704,4309705,30
2009,Croatia,6.3552409896782045,4305181,30
2010,Croatia,6.377443949497094,4295427,29
2011,Croatia,6.413761497112307,4280622,27
2012,Croatia,6.462232764889082,4267558,37
2013,Croatia,6.487693997130954,4255689,23
2014,Croatia,6.505021043623387,4238389,22
2015,Croatia,6.522627590243318,4203604,22
2016,Croatia,6.526796698439069,4174349,21
2017,Croatia,6.58269955619188,4124531,21
2018,Croatia,6.617984849932322,4087843,21
2019,Croatia,6.644470675624736,4065253,21
1990,Hungary,4.812197834083595,10373988,216
1991,Hungary,4.867522001770003,10373400,239
1992,Hungary,4.938899913883553,10369341,264
1993,Hungary,4.981369388797091,10357523,286
1994,Hungary,5.020932309818106,10343355,280
1995,Hungary,5.069292697006121,10328965,283
1996,Hungary,5.098589026316334,10311238,274
1997,Hungary,5.14350647236458,10290486,264
1998,Hungary,5.1850422099485884,10266570,278
1999,Hungary,5.206678828028338,10237530,281
2000,Hungary,5.2487846139525365,10210971,242
2001,Hungary,5.276401381288051,10187576,303
2002,Hungary,5.334736503972533,10158608,235
2003,Hungary,5.378116366311625,10129552,249
2004,Hungary,5.395387986238019,10107146,244
2005,Hungary,5.426602593602415,10087065,254
2006,Hungary,5.457749534865622,10071370,241
2007,Hungary,5.483076566567774,10055780,242
2008,Hungary,5.545506643740278,10038188,237
2009,Hungary,5.579237767186051,10022650,244
2010,Hungary,5.6051433026576625,10000023,245
2011,Hungary,5.643156037514364,9971727,235
2012,Hungary,5.700230386721773,9920362,232
2013,Hungary,5.727293118328268,9893082,219
2014,Hungary,5.743920870454879,9866468,212
2015,Hungary,5.765554132596693,9843028,222
2016,Hungary,5.770475915420924,9814023,220
2017,Hungary,5.833070554732387,9787966,223
2018,Hungary,5.871675387178977,9775564,216
2019,Hungary,5.9008391334929735,9771141,207
1990,Ireland,8.86758886001115,3513974,17
1991,Ireland,8.87497550536995,3534235,16
1992,Ireland,8.904916108474415,3558430,16
1993,Ireland,8.92650713525243,3576261,16
1994,Ireland,8.934171366182262,3590386,16
1995,Ireland,8.960617668320811,3608841,16
1996,Ireland,8.977084789013041,3637510,15
1997,Ireland,8.995108851995798,3674171,15
1998,Ireland,9.014995660688594,3712696,15
1999,Ireland,9.025473468201039,3754786,15
2000,Ireland,9.05466745225202,3805174,15
2001,Ireland,9.084814123858457,3866243,14
2002,Ireland,9.121991149059184,3931947,12
2003,Ireland,9.144145226823921,3996521,10
2004,Ireland,9.155968647811005,4070262,9
2005,Ireland,9.156868746306749,4159914,9
2006,Ireland,9.16847731691971,4273591,9
2007,Ireland,9.178520671352679,4398942,8
2008,Ireland,9.21245904367521,4489544,7
2009,Ireland,9.244047425765686,4535375,7
2010,Ireland,9.269325824647103,4560155,7
2011,Ireland,9.285842070492956,4580084,7
2012,Ireland,9.311251673780141,4599533,6
2013,Ireland,9.318607404664998,4623816,6
2014,Ireland,9.332563337723073,4657740,6
2015,Ireland,9.353742024155684,4701957,6
2016,Ireland,9.363557389592613,4755335,6
2017,Ireland,9.405048420543203,4807388,6
2018,Ireland,9.419984884935117,4867316,6
2019,Ireland,9.436307526720865,4934340,7
1990,Iceland,1.8349202215056963,254826,1
1991,Iceland,1.8707447598685982,257797,1
1992,Iceland,1.9020640799161146,261057,1
1993,Iceland,1.9449662464296087,263725,1
1994,Iceland,1.9719202758178735,266021,1
1995,Iceland,1.9910135685039951,267468,1
1996,Iceland,2.029829309020001,268916,1
1997,Iceland,2.0771999046990524,271128,1
1998,Iceland,2.0958186454997647,274047,1
1999,Iceland,2.1223690173581167,277381,1
2000,Iceland,2.1619367038858273,281205,1
2001,Iceland,2.1724967810181504,284968,1
2002,Iceland,2.2168121617439405,287523,1
2003,Iceland,2.2428276661849944,289521,1
2004,Iceland,2.2743911444850196,292074,1
2005,Iceland,2.284726079592121,296734,1
2006,Iceland,2.2997568003902904,303782,1
2007,Iceland,2.321226327162085,311566,1
2008,Iceland,2.365161839258525,317414,1
2009,Iceland,2.4217928917872196,318499,1
2010,Iceland,2.4817757119869452,318041,1
2011,Iceland,2.522389135101155,319014,1
2012,Iceland,2.543297529537928,320716,1
2013,Iceland,2.5577921884782926,323764,1
2014,Iceland,2.5891031089469934,327386,1
2015,Iceland,2.6149338663577875,330815,1
2016,Iceland,2.632278288502637,335439,1
2017,Iceland,2.6945708672927418,343400,1
2018,Iceland,2.7133776324400025,352721,1
2019,Iceland,2.745758894837318,360563,1
1990,Italy,7.554451235695734,56719240,152
1991,Italy,7.596630231787506,56758521,161
1992,Italy,7.654289789290724,56797087,166
1993,Italy,7.694203423418193,56831821,172
1994,Italy,7.7243173422350395,56843400,182
1995,Italy,7.7690094045158515,56844303,192
1996,Italy,7.794130355911276,56860281,204
1997,Italy,7.829867478231663,56890372,212
1998,Italy,7.860865057058374,56906744,225
1999,Italy,7.883610055690271,56916317,222
2000,Italy,7.920007699283144,56942108,218
2001,Italy,7.944965892134578,56974100,215
2002,Italy,7.990932439074173,57059007,212
2003,Italy,8.026094185926228,57313203,204
2004,Italy,8.04230590138019,57685327,181
2005,Italy,8.069671590909987,57969484,178
2006,Italy,8.094041127775093,58143979,177
2007,Italy,8.112571891714381,58438310,177
2008,Italy,8.161717466062912,58826731,173
2009,Italy,8.191647342760602,59095365,169
2010,Italy,8.211008897061193,59277417,164
2011,Italy,8.246059184192754,59379449,163
2012,Italy,8.285245141484001,59539717,164
2013,Italy,8.308671925814934,60233948,160
2014,Italy,8.328547776814014,60789140,160
2015,Italy,8.344957007062389,60730582,170
2016,Italy,8.35026097328756,60627498,168
2017,Italy,8.398497201983613,60536709,170
2018,Italy,8.431165580431541,60421760,177
2019,Italy,8.456398168425068,59729081,180
1990,Liberia,13.698821063732629,2075917,15
1991,Liberia,13.71668180373388,2040141,15
1992,Liberia,13.735987468351574,2001612,15
1993,Liberia,13.750745095599742,1976701,15
1994,Liberia,13.765003434401063,1986491,16
1995,Liberia,13.791740569643157,2044657,16
1996,Liberia,13.80798996824029,2160480,18
1997,Liberia,13.813703929361164,2326210,18
1998,Liberia,13.830682682864845,2517472,19
1999,Liberia,13.85421931462906,2699708,19
2000,Liberia,13.88583077946115,2848447,18
2001,Liberia,13.920722960757187,2953928,17
2002,Liberia,13.947372798496815,3024727,16
2003,Liberia,13.9677620317746,3077055,16
2004,Liberia,13.986917258441501,3135654,15
2005,Liberia,14.000797205867341,3218114,16
2006,Liberia,14.015887191634288,3329211,16
2007,Liberia,14.02409195752146,3461911,16
2008,Liberia,14.056250247527194,3607863,17
2009,Liberia,14.086251717427587,3754129,18
2010,Liberia,14.109434790149278,3891357,19
2011,Liberia,14.118592491670842,4017446,19
2012,Liberia,14.146327368089505,4135662,19
2013,Liberia,14.170898338984674,4248337,19
2014,Liberia,14.183335344011049,4359508,19
2015,Liberia,14.201123370471542,4472229,19
2016,Liberia,14.215148156823913,4586788,19
2017,Liberia,14.239187410207379,4702224,18
2018,Liberia,14.258335456936416,4818976,18
2019,Liberia,14.281653463273708,4937374,19
1990,Libya,8.44954384781334,4436663,4
1991,Libya,8.492076230511593,4544245,4
1992,Libya,8.548388822708057,4650896,4
1993,Libya,8.587186932878465,4755134,4
1994,Libya,8.617145951606322,4854871,4
1995,Libya,8.659270507469378,4948796,4
1996,Libya,8.685614215336175,5036173,4
1997,Libya,8.721525749599511,5118008,4
1998,Libya,8.754246343585836,5196774,4
1999,Libya,8.777915574133651,5275921,4
2000,Libya,8.81569278813204,5357893,4
2001,Libya,8.842179808243737,5443249,4
2002,Libya,8.887270230085951,5531097,4
2003,Libya,8.922137368119394,5620545,4
2004,Libya,8.939481532551149,5710163,4
2005,Libya,8.968387367715202,5798615,4
2006,Libya,8.993189398630795,5886874,4
2007,Libya,9.013421209189731,5974786,4
2008,Libya,9.061475252168988,6058740,4
2009,Libya,9.092846340748844,6133987,4
2010,Libya,9.112550178142058,6197667,4
2011,Libya,9.148528598574863,6247438,4
2012,Libya,9.187737032057084,6285751,4
2013,Libya,9.211946707787465,6320350,4
2014,Libya,9.231888141103102,6362039,5
2015,Libya,9.248821872056869,6418315,5
2016,Libya,9.254712070008969,6492160,5
2017,Libya,9.300962143205652,6580723,5
2018,Libya,9.333567425527631,6678565,5
2019,Libya,9.358644993046614,6777453,5
1990,Lithuania,2.8072111635312123,3697838,224
1991,Lithuania,2.8675539281424767,3704134,244
1992,Lithuania,2.9472142483008152,3700114,246
1993,Lithuania,2.9899731106906606,3682613,280
1994,Lithuania,3.034492972771836,3657144,312
1995,Lithuania,3.079550606742763,3629102,306
1996,Lithuania,3.107760271769732,3601613,281
1997,Lithuania,3.1609544394400437,3575137,252
1998,Lithuania,3.209456000638399,3549331,244
1999,Lithuania,3.2314856452444194,3524238,259
2000,Lithuania,3.2793656276422065,3499536,219
2001,Lithuania,3.3153896843819006,3470818,337
2002,Lithuania,3.3784342033187316,3443067,285
2003,Lithuania,3.4339427495446797,3415213,300
2004,Lithuania,3.4520316087753278,3377075,326
2005,Lithuania,3.4827549394457136,3322528,380
2006,Lithuania,3.51620215581447,3269909,416
2007,Lithuania,3.5541311079479203,3231294,441
2008,Lithuania,3.6322250763183064,3198231,404
2009,Lithuania,3.6790601082059093,3162916,349
2010,Lithuania,3.722866110270843,3097282,420
2011,Lithuania,3.757708412130846,3028115,322
2012,Lithuania,3.8278911320366737,2987773,351
2013,Lithuania,3.8630200071869836,2957689,295
2014,Lithuania,3.8779324059456983,2932367,264
2015,Lithuania,3.912447791266945,2904910,250
2016,Lithuania,3.9211860158073817,2868231,245
2017,Lithuania,4.003539516223855,2828403,213
2018,Lithuania,4.056196826698659,2801543,211
2019,Lithuania,4.100895800831051,2794137,200
1990,Luxembourg,8.095788760894127,381850,1
1991,Luxembourg,8.125092154991233,387000,1
1992,Luxembourg,8.17922690862924,392175,1
1993,Luxembourg,8.217563950879153,397475,1
1994,Luxembourg,8.241503847296675,402925,1
1995,Luxembourg,8.284908955100223,408625,1
1996,Luxembourg,8.29904970038195,414225,1
1997,Luxembourg,8.33446505927071,419450,1
1998,Luxembourg,8.35416360034726,424700,1
1999,Luxembourg,8.368397802985466,430475,1
2000,Luxembourg,8.400328267786971,436300,1
2001,Luxembourg,8.420320736256162,441525,1
2002,Luxembourg,8.465868176771696,446175,1
2003,Luxembourg,8.505820769366936,451630,1
2004,Luxembourg,8.51636528090269,458095,1
2005,Luxembourg,8.530909949063968,465158,1
2006,Luxembourg,8.547350953161484,472637,1
2007,Luxembourg,8.560199398249189,479993,1
2008,Luxembourg,8.609090163110919,488650,1
2009,Luxembourg,8.640402023492346,497783,1
2010,Luxembourg,8.659189175165881,506953,1
2011,Luxembourg,8.689287598281526,518347,1
2012,Luxembourg,8.722510611086976,530946,1
2013,Luxembourg,8.732703455521467,543360,1
2014,Luxembourg,8.753149438843499,556319,1
2015,Luxembourg,8.769653058264137,569604,1
2016,Luxembourg,8.771038864891882,582014,1
2017,Luxembourg,8.823118303449213,596336,1
2018,Luxembourg,8.853028537357623,607950,1
2019,Luxembourg,8.877037003503833,620001,1
1990,Latvia,2.2485008528798214,2663151,220
1991,Latvia,2.3081986630806908,2650581,229
1992,Latvia,2.3889657695649027,2614338,246
1993,Latvia,2.4335172064661754,2563290,299
1994,Latvia,2.4785304802849226,2520742,338
1995,Latvia,2.5233215649992604,2485056,306
1996,Latvia,2.5536361599977835,2457222,236
1997,Latvia,2.6088053070698614,2432851,215
1998,Latvia,2.660216431392786,2410019,231
1999,Latvia,2.6832263506089777,2390482,227
2000,Latvia,2.732576191148464,2367550,231
2001,Latvia,2.770827930190372,2337170,299
2002,Latvia,2.832987756811044,2310173,275
2003,Latvia,2.8891193917370233,2287955,262
2004,Latvia,2.9093620094907924,2263122,266
2005,Latvia,2.9407081640627957,2238799,280
2006,Latvia,2.9753580546837375,2218357,382
2007,Latvia,3.015586711445126,2200325,260
2008,Latvia,3.096746490662217,2177322,214
2009,Latvia,3.1447247881017124,2141669,188
2010,Latvia,3.1919541781995675,2097555,181
2011,Latvia,3.226155121457149,2059709,165
2012,Latvia,3.2996491173366307,2034319,177
2013,Latvia,3.336921395571115,2012647,148
2014,Latvia,3.352298004446924,1993782,138
2015,Latvia,3.3902245461687506,1977527,124
2016,Latvia,3.400662015990066,1959537,115
2017,Latvia,3.4853881035022365,1942248,112
2018,Latvia,3.539723483280362,1927174,109
2019,Latvia,3.5883393618816086,1913822,107
1990,Morocco,12.445231489014192,24807461,117
1991,Morocco,12.467456196898741,25260407,117
1992,Morocco,12.494357291230692,25711410,124
1993,Morocco,12.516071719362978,26155204,125
1994,Morocco,12.53338477791544,26584473,125
1995,Morocco,12.563366830489771,26994255,125
1996,Morocco,12.58231590473334,27383472,123
1997,Morocco,12.597473173734386,27754573,122
1998,Morocco,12.619611528498307,28110447,122
1999,Morocco,12.64407987368983,28455504,123
2000,Morocco,12.677415625382785,28793672,119
2001,Morocco,12.709035220322278,29126323,117
2002,Morocco,12.740548522284817,29454765,116
2003,Morocco,12.764913798839302,29782884,117
2004,Morocco,12.788377573123464,30115196,117
2005,Morocco,12.807848437475561,30455563,117
2006,Morocco,12.823654469520298,30804689,117
2007,Morocco,12.834418398720581,31163670,117
2008,Morocco,12.868649595596011,31536807,118
2009,Morocco,12.900562240621959,31929087,118
2010,Morocco,12.926891281131002,32343384,117
2011,Morocco,12.94572088558729,32781860,115
2012,Morocco,12.974033638875689,33241898,114
2013,Morocco,13.000359583811992,33715705,117
2014,Morocco,13.018445140349712,34192358,116
2015,Morocco,13.038402608833165,34663608,114
2016,Morocco,13.052380109647784,35126274,112
2017,Morocco,13.08371781214582,35581257,109
2018,Morocco,13.108959365663292,36029089,106
2019,Morocco,13.138146170465276,36471766,104
1990,North Macedonia,5.848799234311777,1996218,4
1991,North Macedonia,5.904164742521639,1993304,4
1992,North Macedonia,5.974685316984266,1988659,4
1993,North Macedonia,6.012560117026859,1984024,4
1994,North Macedonia,6.048214789902756,1981713,4
1995,North Macedonia,6.093436131834694,1983259,4
1996,North Macedonia,6.1210681188156455,1989441,4
1997,North Macedonia,6.165472484107159,1996869,3
1998,North Macedonia,6.207434466162949,2007523,4
1999,North Macedonia,6.232199690103395,2017142,4
2000,North Macedonia,6.273392348383503,2026350,4
2001,North Macedonia,6.303267385627311,2034882,19
2002,North Macedonia,6.363933657966322,2020157,4
2003,North Macedonia,6.406070851949816,2026773,4
2004,North Macedonia,6.426230604084576,2032544,20
2005,North Macedonia,6.464924258530255,2036855,5
2006,North Macedonia,6.4957309992978045,2040228,5
2007,North Macedonia,6.521618325299083,2043559,5
2008,North Macedonia,6.5781449360212045,2046898,5
2009,North Macedonia,6.60883830426082,2050671,5
2010,North Macedonia,6.629026720149688,2055004,6
2011,North Macedonia,6.671097853367782,2058539,5
2012,North Macedonia,6.7269754534925426,2061044,7
2013,North Macedonia,6.755469234468258,2064032,6
2014,North Macedonia,6.775330042977434,2067471,6
2015,North Macedonia,6.798050218531541,2070226,5
2016,North Macedonia,6.805668833882844,2072490,5
2017,North Macedonia,6.860237739774113,2074502,8
2018,North Macedonia,6.899023155064773,2076217,5
2019,North Macedonia,6.925659146692224,2076694,5
1990,Mali,13.45170017574043,8449915,95
1991,Mali,13.47295408149947,8635528,95
1992,Mali,13.50244143804354,8850334,95
1993,Mali,13.52577464306158,9087173,95
1994,Mali,13.54242980040484,9334893,96
1995,Mali,13.573260118765669,9585660,96
1996,Mali,13.593020456868942,9837575,96
1997,Mali,13.610686856793837,10094363,94
1998,Mali,13.63393513425658,10360564,93
1999,Mali,13.660444923148257,10642937,93
2000,Mali,13.693881068124597,10946448,93
2001,Mali,13.72756313092708,11271603,93
2002,Mali,13.758408349934875,11616890,96
2003,Mali,13.78171419326657,11982692,96
2004,Mali,13.8056553976934,12369078,95
2005,Mali,13.828843939806472,12775509,95
2006,Mali,13.845467872092781,13203378,97
2007,Mali,13.856776809666266,13651455,99
2008,Mali,13.888322129372062,14113578,105
2009,Mali,13.915267346394852,14581427,109
2010,Mali,13.936712053645499,15049352,110
2011,Mali,13.958111671585403,15514593,110
2012,Mali,13.986112151481857,15979492,112
2013,Mali,14.012814818319738,16449854,114
2014,Mali,14.03219179730467,16934213,116
2015,Mali,14.051006290825379,17438772,120
2016,Mali,14.064601938223625,17965448,130
2017,Mali,14.092177780581348,18512429,134
2018,Mali,14.119121149278877,19077755,134
2019,Mali,14.149322519423244,19658023,134
1990,Malta,7.34153818351641,354170,1
1991,Malta,7.386221037491553,363845,1
1992,Malta,7.445641114898027,367618,1
1993,Malta,7.4862078026251355,371308,1
1994,Malta,7.518376458884998,374797,1
1995,Malta,7.562848952716338,377419,1
1996,Malta,7.587820752355081,379905,1
1997,Malta,7.623413398179332,382791,1
1998,Malta,7.654756297892668,385287,1
1999,Malta,7.676907991065134,387578,1
2000,Malta,7.713810156050219,390087,1
2001,Malta,7.738419688381115,393028,1
2002,Malta,7.78362929232771,395969,1
2003,Malta,7.819843037739636,398582,1
2004,Malta,7.834825899168881,401268,1
2005,Malta,7.862519270198167,403834,1
2006,Malta,7.8876538914726435,405308,1
2007,Malta,7.907216015861393,406724,1
2008,Malta,7.958728314739507,409379,1
2009,Malta,7.989924355791568,412477,1
2010,Malta,8.011491152244755,414508,1
2011,Malta,8.0463425366781145,416268,1
2012,Malta,8.086074124515433,420028,1
2013,Malta,8.11045718398104,425967,1
2014,Malta,8.128154961731974,434558,1
2015,Malta,8.14417298927178,445053,1
2016,Malta,8.148839423773422,455356,1
2017,Malta,8.19941276971296,467999,1
2018,Malta,8.232930981020832,484630,1
2019,Malta,8.257523607230407,504062,1
1990,Montenegro,5.5635301169015845,606372,5
1991,Montenegro,5.615648858036764,607105,5
1992,Montenegro,5.682513050093786,608516,5
1993,Montenegro,5.723606913769756,610170,5
1994,Montenegro,5.759032562339498,611389,5
1995,Montenegro,5.80603425272543,611712,6
1996,Montenegro,5.837990207190774,611003,6
1997,Montenegro,5.8810341787362646,609520,6
1998,Montenegro,5.922301878992043,607662,6
1999,Montenegro,5.946401444694814,606001,6
2000,Montenegro,5.987177162751842,604950,6
2001,Montenegro,6.014500116353487,607389,6
2002,Montenegro,6.071033677357971,609828,6
2003,Montenegro,6.107709281323516,612267,6
2004,Montenegro,6.129033399405435,613353,6
2005,Montenegro,6.163729023740596,614261,6
2006,Montenegro,6.19412767497953,615025,6
2007,Montenegro,6.217723399413935,615875,6
2008,Montenegro,6.27370948850481,616969,6
2009,Montenegro,6.302284702657432,618294,6
2010,Montenegro,6.321991387523686,619428,6
2011,Montenegro,6.363440050801188,620079,5
2012,Montenegro,6.4177428210377405,620601,6
2013,Montenegro,6.444315194680861,621207,5
2014,Montenegro,6.464115331783144,621810,5
2015,Montenegro,6.483924200997591,622159,5
2016,Montenegro,6.490047141266481,622303,5
2017,Montenegro,6.543148803410294,622373,5
2018,Montenegro,6.579298992461873,622227,5
2019,Montenegro,6.604927644880785,622028,5
1990,Mauritania,12.250427930308454,2034347,12
1991,Mauritania,12.274076973433154,2087914,12
1992,Mauritania,12.297529827252902,2142645,12
1993,Mauritania,12.317548304223926,2198538,13
1994,Mauritania,12.33446981974784,2255520,12
1995,Mauritania,12.363084865613676,2313630,12
1996,Mauritania,12.382612036412521,2372900,13
1997,Mauritania,12.394792010414498,2433567,13
1998,Mauritania,12.415232243864615,2496217,13
1999,Mauritania,12.439774566568648,2561584,13
2000,Mauritania,12.473475282450703,2630217,13
2001,Mauritania,12.505095717755655,2702405,14
2002,Mauritania,12.535589016318074,2778097,14
2003,Mauritania,12.559403111851777,2857150,13
2004,Mauritania,12.582426564717434,2939246,13
2005,Mauritania,12.599059728977961,3024198,14
2006,Mauritania,12.614237837248947,3111908,14
2007,Mauritania,12.623941516618872,3202512,13
2008,Mauritania,12.659517458324892,3296237,13
2009,Mauritania,12.694820244498162,3393408,14
2010,Mauritania,12.7242994882194,3494200,13
2011,Mauritania,12.74004959993176,3598646,13
2012,Mauritania,12.768475650200642,3706555,14
2013,Mauritania,12.795281301356503,3817497,14
2014,Mauritania,12.811957147320665,3930894,13
2015,Mauritania,12.83152621835951,4046304,13
2016,Mauritania,12.84668288429235,4163532,12
2017,Mauritania,12.877360731744206,4282582,12
2018,Mauritania,12.899874042490588,4403312,12
2019,Mauritania,12.927542625707447,4525698,12
1990,Niger,12.259434878778425,8026592,80
1991,Niger,12.287849926836543,8288739,82
1992,Niger,12.329491495597587,8566773,84
1993,Niger,12.362290936223499,8860297,86
1994,Niger,12.382540342128923,9168316,87
1995,Niger,12.41832303798381,9490289,89
1996,Niger,12.441899319371851,9826600,89
1997,Niger,12.472158031731125,10178196,91
1998,Niger,12.498853513333875,10545720,92
1999,Niger,12.525722515824855,10929922,95
2000,Niger,12.560631891921135,11331561,97
2001,Niger,12.591525936349688,11751364,98
2002,Niger,12.627445417602978,12189988,98
2003,Niger,12.656673211658507,12647983,99
2004,Niger,12.678162713712439,13125914,95
2005,Niger,12.705513379452055,13624474,101
2006,Niger,12.72555811584723,14143969,101
2007,Niger,12.741446270328447,14685404,100
2008,Niger,12.775745763157552,15250913,96
2009,Niger,12.802185936870703,15843131,96
2010,Niger,12.819309566302671,16464025,96
2011,Niger,12.852535566575554,17114770,99
2012,Niger,12.880419143996727,17795209,102
2013,Niger,12.904351020681563,18504287,108
2014,Niger,12.928330997637927,19240182,113
2015,Niger,12.945434081427848,20001663,117
2016,Niger,12.955168842166557,20788789,122
2017,Niger,12.987634441844332,21602388,125
2018,Niger,13.01832933623979,22442831,124
2019,Niger,13.04772983359469,23310719,124
1990,Nigeria,14.46770701302606,95212454,728
1991,Nigeria,14.489517253430154,97667632,744
1992,Nigeria,14.525292275789344,100161708,782
1993,Nigeria,14.555755171729924,102700751,781
1994,Nigeria,14.571405361066953,105293701,800
1995,Nigeria,14.602936554474038,107948339,820
1996,Nigeria,14.628044030815103,110668784,832
1997,Nigeria,14.65544616692042,113457661,844
1998,Nigeria,14.681426499767165,116319763,857
1999,Nigeria,14.712015696877238,119260055,871
2000,Nigeria,14.74675210383502,122283853,884
2001,Nigeria,14.782299446929969,125394046,896
2002,Nigeria,14.813534066985504,128596079,966
2003,Nigeria,14.836280758683266,131900634,908
2004,Nigeria,14.861903852675992,135320420,907
2005,Nigeria,14.89190731192296,138865014,897
2006,Nigeria,14.910629019771171,142538305,909
2007,Nigeria,14.923960367971583,146339971,909
2008,Nigeria,14.95154398642301,150269622,892
2009,Nigeria,14.971633162444554,154324939,895
2010,Nigeria,14.986839567881507,158503203,893
2011,Nigeria,15.018554538001919,162805080,884
2012,Nigeria,15.044598381007306,167228803,893
2013,Nigeria,15.071896350049439,171765819,910
2014,Nigeria,15.097699340390799,176404931,934
2015,Nigeria,15.114125100275995,181137454,947
2016,Nigeria,15.126851591618667,185960244,962
2017,Nigeria,15.14998562358918,190873247,954
2018,Nigeria,15.180084526114685,195874685,937
2019,Nigeria,15.212679673957819,200963603,927
1990,Netherlands,7.533920107123464,14951510,65
1991,Netherlands,7.564768635148529,15069798,65
1992,Netherlands,7.6186864880012735,15184166,65
1993,Netherlands,7.656464141206794,15290368,67
1994,Netherlands,7.682128918324977,15382838,63
1995,Netherlands,7.724637131373683,15459006,57
1996,Netherlands,7.738254566525297,15530498,44
1997,Netherlands,7.774263557768597,15610650,37
1998,Netherlands,7.795668828518204,15707209,32
1999,Netherlands,7.809846371535471,15812088,29
2000,Netherlands,7.841754886099869,15925513,24
2001,Netherlands,7.862567353402601,16046180,22
2002,Netherlands,7.90735997232663,16148929,19
2003,Netherlands,7.947996539385767,16225302,21
2004,Netherlands,7.957868953145471,16281779,17
2005,Netherlands,7.972407461383248,16319868,16
2006,Netherlands,7.989343370300794,16346101,16
2007,Netherlands,8.00290201618991,16381696,15
2008,Netherlands,8.052265350362811,16445593,15
2009,Netherlands,8.084311762521487,16530388,15
2010,Netherlands,8.104168018413748,16615394,15
2011,Netherlands,8.133986562166962,16693074,15
2012,Netherlands,8.167125092242747,16754962,15
2013,Netherlands,8.17866710409018,16804432,15
2014,Netherlands,8.199603683511047,16865008,14
2015,Netherlands,8.217550222756643,16939923,15
2016,Netherlands,8.220218452187444,17030314,16
2017,Netherlands,8.273471420495062,17131296,16
2018,Netherlands,8.304505891547384,17231624,16
2019,Netherlands,8.328671333001273,17344874,16
1990,Norway,1.8738163271078627,4241473,34
1991,Norway,1.9287536203900322,4261732,33
1992,Norway,2.0039219043921337,4286401,32
1993,Norway,2.0523632396419895,4311991,31
1994,Norway,2.0956369999308135,4336613,29
1995,Norway,2.1410507460749817,4359184,29
1996,Norway,2.171489811527169,4381336,27
1997,Norway,2.222059671732621,4405157,29
1998,Norway,2.2688253197867687,4431464,30
1999,Norway,2.289436518435497,4461913,30
2000,Norway,2.3373134587318574,4490967,32
2001,Norway,2.3735532555441123,4513751,33
2002,Norway,2.4306208366768427,4538159,34
2003,Norway,2.48311658435619,4564855,34
2004,Norway,2.5026851659623888,4591910,36
2005,Norway,2.5277522223497964,4623291,32
2006,Norway,2.5596675223955545,4660677,32
2007,Norway,2.5951635383922733,4709153,32
2008,Norway,2.672765316822208,4768212,32
2009,Norway,2.7215404968798382,4828726,34
2010,Norway,2.76860578876382,4889252,35
2011,Norway,2.8006337115320896,4953088,36
2012,Norway,2.8642260348335618,5018573,35
2013,Norway,2.8969062752232198,5079623,36
2014,Norway,2.911730955613447,5137232,34
2015,Norway,2.945294375990916,5188607,33
2016,Norway,2.955220517655715,5234519,33
2017,Norway,3.0380708151925373,5276968,31
2018,Norway,3.0865400025999645,5311916,31
2019,Norway,3.13095349656091,5347896,32
1990,Poland,3.9773258827720537,38110782,294
1991,Poland,4.033497526496297,38246193,339
1992,Poland,4.105988395369187,38363667,343
1993,Poland,4.149023400582928,38461408,355
1994,Poland,4.190568684678953,38542652,367
1995,Poland,4.238449241152558,38594998,396
1996,Poland,4.266059778760361,38624370,422
1997,Poland,4.311048992910814,38649660,431
1998,Poland,4.35176516563478,38663481,446
1999,Poland,4.3712252827993945,38660271,477
2000,Poland,4.414246476723307,38258629,452
2001,Poland,4.442079184352391,38248076,476
2002,Poland,4.499776773535137,38230364,491
2003,Poland,4.547545103587761,38204570,496
2004,Poland,4.562654739502737,38182222,508
2005,Poland,4.589480267855078,38165445,529
2006,Poland,4.620602031181868,38141267,544
2007,Poland,4.648614928221577,38120560,539
2008,Poland,4.716265355980779,38125759,524
2009,Poland,4.755613683657156,38151603,515
2010,Poland,4.787608999768801,38042794,499
2011,Poland,4.823395449724646,38063255,465
2012,Poland,4.880429203999099,38063164,455
2013,Poland,4.907937979174764,38040196,420
2014,Poland,4.922509426300735,38011735,381
2015,Poland,4.945825197393863,37986412,372
2016,Poland,4.949901584614183,37970087,372
2017,Poland,5.020297475902114,37974826,363
2018,Poland,5.0617825260445155,37974750,366
2019,Poland,5.094311732190675,37965475,351
1990,Portugal,9.418374004210165,9983218,38
1991,Portugal,9.444100493025225,9960235,39
1992,Portugal,9.468717660041253,9952494,37
1993,Portugal,9.494184175825218,9964675,37
1994,Portugal,9.513177456158061,9991525,35
1995,Portugal,9.53813006122826,10026176,35
1996,Portugal,9.56244977555413,10063945,36
1997,Portugal,9.583466161208367,10108977,36
1998,Portugal,9.602167263461205,10160196,36
1999,Portugal,9.626931554309682,10217828,37
2000,Portugal,9.661841188733904,10289898,36
2001,Portugal,9.687872097600374,10362722,31
2002,Portugal,9.721629556878915,10419631,32
2003,Portugal,9.74505924009767,10458821,69
2004,Portugal,9.769311539957855,10483861,34
2005,Portugal,9.782896469041491,10503330,34
2006,Portugal,9.798090989447306,10522288,38
2007,Portugal,9.810772279726208,10542964,42
2008,Portugal,9.847829757958518,10558177,45
2009,Portugal,9.888195243333886,10568247,46
2010,Portugal,9.925193577311413,10573100,47
2011,Portugal,9.946459136888434,10557560,46
2012,Portugal,9.972198339929937,10514844,45
2013,Portugal,9.994063241899903,10457295,45
2014,Portugal,10.01363975783006,10401062,41
2015,Portugal,10.034462654201542,10358076,38
2016,Portugal,10.049762453143346,10325452,38
2017,Portugal,10.088307542160099,10300300,39
2018,Portugal,10.108313620260121,10283822,39
2019,Portugal,10.13578402549442,10286263,40
1990,Romania,5.012168064367549,23201835,294
1991,Romania,5.070506853308624,23001155,311
1992,Romania,5.146544652873826,22794284,337
1993,Romania,5.1822593840511,22763280,367
1994,Romania,5.222213131853131,22730211,373
1995,Romania,5.267168903633515,22684270,421
1996,Romania,5.2911152396684535,22619004,493
1997,Romania,5.339192512916434,22553978,470
1998,Romania,5.383469642378037,22507344,503
1999,Romania,5.407949825112395,22472040,405
2000,Romania,5.450689040995471,22442971,402
2001,Romania,5.484857336504481,22131970,435
2002,Romania,5.551615208656558,21730496,518
2003,Romania,5.601367000821285,21574326,475
2004,Romania,5.6192803818157255,21451748,447
2005,Romania,5.6593027250009875,21319685,483
2006,Romania,5.692258578307918,21193760,423
2007,Romania,5.724086326206125,20882982,404
2008,Romania,5.785781014136245,20537875,413
2009,Romania,5.82011052952576,20367487,420
2010,Romania,5.846612635485882,20246871,471
2011,Romania,5.886557604977644,20147528,366
2012,Romania,5.9493530501993845,20058035,505
2013,Romania,5.983144293099181,19983693,327
2014,Romania,6.001144652288027,19908979,360
2015,Romania,6.0299460506922,19815616,315
2016,Romania,6.04006647950232,19702267,318
2017,Romania,6.103278648534111,19588715,317
2018,Romania,6.148404393583403,19473970,308
2019,Romania,6.1818138297627,19371648,298
1990,Senegal,1.1615727902554658,7526306,54
1991,Senegal,1.1983066548805417,7755503,55
1992,Senegal,1.2310469088182419,7990090,55
1993,Senegal,1.2740561191279116,8226749,55
1994,Senegal,1.2998773553031044,8461066,56
1995,Senegal,1.324486076443605,8690155,54
1996,Senegal,1.3671831280804392,8912872,53
1997,Senegal,1.4142950607711484,9130876,52
1998,Senegal,1.4355587995390326,9347777,53
1999,Senegal,1.46240759572221,9568717,54
2000,Senegal,1.5025815815028751,9797731,52
2001,Senegal,1.5157824067706387,10036102,64
2002,Senegal,1.558833656679618,10283694,64
2003,Senegal,1.5862029018548605,10541470,60
2004,Senegal,1.617755554476074,10810086,64
2005,Senegal,1.6299712062007827,11090123,65
2006,Senegal,1.6421233294021076,11382272,64
2007,Senegal,1.6630075324390723,11687078,65
2008,Senegal,1.7123791662244685,12004700,66
2009,Senegal,1.7730267226394365,12335092,68
2010,Senegal,1.837416449788246,12678143,62
2011,Senegal,1.879364419389683,13033814,63
2012,Senegal,1.9043908511814216,13401990,62
2013,Senegal,1.9243680373455736,13782429,63
2014,Senegal,1.9614407880427345,14174740,68
2015,Senegal,1.9861115059983345,14578450,68
2016,Senegal,2.007783392789164,14993514,70
2017,Senegal,2.0735115531606603,15419354,69
2018,Senegal,2.094330824338475,15854324,67
2019,Senegal,2.1309888829213857,16296362,66
1990,Sierra Leone,10.436132192611694,4319763,29
1991,Sierra Leone,10.432565748691559,4348663,29
1992,Sierra Leone,10.4533451795578,4347727,30
1993,Sierra Leone,10.466650903224945,4328965,31
1994,Sierra Leone,10.465474307537079,4309780,31
1995,Sierra Leone,10.485780119895935,4303953,32
1996,Sierra Leone,10.498928904533386,4312660,33
1997,Sierra Leone,10.517341196537018,4335295,33
1998,Sierra Leone,10.544195592403412,4381484,34
1999,Sierra Leone,10.552937924861908,4462374,36
2000,Sierra Leone,10.584416687488556,4584570,37
2001,Sierra Leone,10.62134838104248,4754069,39
2002,Sierra Leone,10.65806496143341,4965770,40
2003,Sierra Leone,10.674022316932678,5201074,41
2004,Sierra Leone,10.688617527484894,5433995,42
2005,Sierra Leone,10.687470495700836,5645629,44
2006,Sierra Leone,10.695420742034912,5829240,45
2007,Sierra Leone,10.703440606594086,5989641,46
2008,Sierra Leone,10.72919374704361,6133599,46
2009,Sierra Leone,10.757560431957245,6272735,46
2010,Sierra Leone,10.782091856002808,6415636,48
2011,Sierra Leone,10.796296000480652,6563238,48
2012,Sierra Leone,10.820815086364746,6712586,49
2013,Sierra Leone,10.820614516735077,6863975,49
2014,Sierra Leone,10.82919955253601,7017153,50
2015,Sierra Leone,10.851640224456787,7171909,49
2016,Sierra Leone,10.86185371875763,7328846,49
2017,Sierra Leone,10.894852221012115,7488427,50
2018,Sierra Leone,10.906960904598236,7650149,50
2019,Sierra Leone,10.916453003883362,7813207,50
1990,San Marino,6.302047115688792,24124,0
1991,San Marino,6.347594494387437,24454,0
1992,San Marino,6.409533455572301,24830,0
1993,San Marino,6.45174838088049,25208,0
1994,San Marino,6.48367735547728,25588,0
1995,San Marino,6.531900379592479,25925,0
1996,San Marino,6.553698100083701,26253,0
1997,San Marino,6.590370311574856,26563,0
1998,San Marino,6.6207336216044075,26851,0
1999,San Marino,6.638920077905723,27141,0
2000,San Marino,6.674440372817675,27460,0
2001,San Marino,6.698071667644304,27818,0
2002,San Marino,6.7455904735334675,28175,0
2003,San Marino,6.78565347540827,28561,0
2004,San Marino,6.798140369718315,28942,0
2005,San Marino,6.823404294100751,29324,0
2006,San Marino,6.84792900055779,29694,0
2007,San Marino,6.866391417957772,30068,0
2008,San Marino,6.919499706735517,30434,0
2009,San Marino,6.952811569634793,30825,0
2010,San Marino,6.973436913296454,31221,0
2011,San Marino,7.007333143391713,31655,0
2012,San Marino,7.048060414471981,32103,0
2013,San Marino,7.069680330500133,32554,0
2014,San Marino,7.086467285896033,32941,0
2015,San Marino,7.101900184576488,33270,0
2016,San Marino,7.104038415888764,33503,0
2017,San Marino,7.158812840164238,33671,0
2018,San Marino,7.19166041876033,33784,0
2019,San Marino,7.216111923477295,33864,0
1990,Serbia,5.54479198793139,7586000,81
1991,Serbia,5.599752837478205,7595636,78
1992,Serbia,5.670003019911554,7646424,78
1993,Serbia,5.709225895616602,7699307,79
1994,Serbia,5.7457319199178105,7734639,81
1995,Serbia,5.7919747351333415,7625357,82
1996,Serbia,5.8210415685224,7617794,82
1997,Serbia,5.865740969230291,7596501,81
1998,Serbia,5.907738399759345,7567745,73
1999,Serbia,5.931751857498891,7540401,73
2000,Serbia,5.972921110754854,7516346,81
2001,Serbia,6.001887545833525,7503433,79
2002,Serbia,6.0615888871448815,7496522,80
2003,Serbia,6.102449273451508,7480591,82
2004,Serbia,6.122868629506278,7463157,81
2005,Serbia,6.15991064000184,7440769,79
2006,Serbia,6.1909702027795435,7411569,78
2007,Serbia,6.216385916284423,7381579,71
2008,Serbia,6.273931507640311,7350222,69
2009,Serbia,6.304158481817633,7320807,67
2010,Serbia,6.324860349270213,7291436,69
2011,Serbia,6.366602630632704,7234099,61
2012,Serbia,6.423046656448849,7199077,84
2013,Serbia,6.450787302840567,7164132,56
2014,Serbia,6.470138011779341,7130576,55
2015,Serbia,6.492179656314217,7095383,54
2016,Serbia,6.4991101846830075,7058322,52
2017,Serbia,6.554863969458205,7020858,57
2018,Serbia,6.5931194872674705,6982604,51
2019,Serbia,6.619817838311821,6945235,50
1990,Slovenia,5.126663186046093,1998161,38
1991,Slovenia,5.175833024783566,1999429,35
1992,Slovenia,5.241475890380262,1996498,33
1993,Slovenia,5.2847563960662445,1991746,33
1994,Slovenia,5.321728203821895,1989443,30
1995,Slovenia,5.3708210884244565,1989872,28
1996,Slovenia,5.396694489362292,1988628,26
1997,Slovenia,5.435250932243977,1985956,27
1998,Slovenia,5.469025727795564,1981629,27
1999,Slovenia,5.487890989885011,1983045,25
2000,Slovenia,5.52744830489609,1988925,23
2001,Slovenia,5.5514182162630075,1992060,25
2002,Slovenia,5.602283730966656,1994530,23
2003,Slovenia,5.644702153608378,1995733,30
2004,Slovenia,5.6582749315692995,1997012,25
2005,Slovenia,5.6848722516886365,2000474,23
2006,Slovenia,5.713055130255077,2006868,23
2007,Slovenia,5.734211068160947,2018122,22
2008,Slovenia,5.793953274440175,2021316,21
2009,Slovenia,5.827683056961211,2039669,21
2010,Slovenia,5.8531711552188685,2048583,21
2011,Slovenia,5.887592667036996,2052843,19
2012,Slovenia,5.934349194013524,2057159,18
2013,Slovenia,5.959245375124045,2059953,15
2014,Slovenia,5.974300410270166,2061980,18
2015,Slovenia,5.991806959778284,2063531,14
2016,Slovenia,5.994578160691179,2065042,14
2017,Slovenia,6.055050459785204,2066388,14
2018,Slovenia,6.090641683766811,2073894,14
2019,Slovenia,6.118155413896244,2088385,14
1990,Sweden,2.4258121957705177,8558835,49
1991,Sweden,2.4808944433908735,8617375,52
1992,Sweden,2.5540105188437425,8668067,54
1993,Sweden,2.6028038735474595,8718561,58
1994,Sweden,2.6454438600509267,8780745,60
1995,Sweden,2.6917165724829917,8826939,63
1996,Sweden,2.7220517438509817,8840998,65
1997,Sweden,2.7673712046107197,8846062,65
1998,Sweden,2.809648237038188,8850974,68
1999,Sweden,2.8276653892175334,8857874,70
2000,Sweden,2.8740069878308114,8872109,73
2001,Sweden,2.9054656101393643,8895960,79
2002,Sweden,2.9608662749111483,8924958,85
2003,Sweden,3.009861191227573,8958229,92
2004,Sweden,3.026240773486733,8993531,106
2005,Sweden,3.0453555293155534,9029572,89
2006,Sweden,3.0765370545873245,9080505,82
2007,Sweden,3.1075831351282224,9148092,78
2008,Sweden,3.182782376937729,9219637,74
2009,Sweden,3.2317881600609084,9298515,72
2010,Sweden,3.2750318044136466,9378126,70
2011,Sweden,3.3068721753987873,9449213,66
2012,Sweden,3.36343539445935,9519374,63
2013,Sweden,3.3914283742502214,9600379,61
2014,Sweden,3.4042984893324038,9696110,59
2015,Sweden,3.431699126728669,9799186,58
2016,Sweden,3.437835108724527,9923085,59
2017,Sweden,3.517790240969329,10057698,60
2018,Sweden,3.5609618513597865,10175214,59
2019,Sweden,3.599659918993745,10278887,59
1990,Togo,14.170644379657153,3774310,19
1991,Togo,14.191506835494096,3862998,20
1992,Togo,14.22590322259997,3945902,21
1993,Togo,14.253089903008503,4029044,23
1994,Togo,14.269725618419331,4120615,24
1995,Togo,14.301862444998386,4226293,26
1996,Togo,14.324794397482044,4348808,27
1997,Togo,14.348543717217908,4485945,28
1998,Togo,14.373251360397191,4632451,30
1999,Togo,14.403649575593116,4780455,31
2000,Togo,14.437797393599903,4924406,31
2001,Togo,14.473995699719007,5062571,32
2002,Togo,14.504694801435708,5197040,33
2003,Togo,14.52611774986092,5330629,33
2004,Togo,14.552041569196842,5467770,32
2005,Togo,14.580655049993391,5611643,33
2006,Togo,14.598053373984943,5762881,33
2007,Togo,14.611176431161418,5920360,34
2008,Togo,14.639929853217442,6083417,36
2009,Togo,14.661448114497622,6250840,37
2010,Togo,14.678642432913435,6421674,38
2011,Togo,14.70458573733625,6595939,38
2012,Togo,14.732538680845563,6773807,38
2013,Togo,14.759453850531493,6954721,37
2014,Togo,14.781554700294187,7137997,38
2015,Togo,14.798936092018597,7323162,38
2016,Togo,14.813206786086033,7509952,39
2017,Togo,14.837822060293762,7698476,39
2018,Togo,14.867131199673361,7889095,38
2019,Togo,14.89993383411866,8082359,38
1990,Tunisia,10.68503920109945,8242509,8
1991,Tunisia,10.719135303102671,8427851,8
1992,Tunisia,10.765945479796228,8613855,8
1993,Tunisia,10.800878048676058,8795934,9
1994,Tunisia,10.824554103069504,8967916,8
1995,Tunisia,10.863359707529273,9125400,8
1996,Tunisia,10.886492477680363,9267335,8
1997,Tunisia,10.918644098896879,9395119,8
1998,Tunisia,10.94659550580243,9509862,8
1999,Tunisia,10.971223121081366,9613587,8
2000,Tunisia,11.006364932477963,9708347,8
2001,Tunisia,11.034236751850775,9793915,8
2002,Tunisia,11.073288106895804,9871261,8
2003,Tunisia,11.10652394262043,9945282,8
2004,Tunisia,11.124789909069015,10022278,8
2005,Tunisia,11.15135456988134,10106778,8
2006,Tunisia,11.17277902350338,10201211,8
2007,Tunisia,11.190709094852322,10304729,8
2008,Tunisia,11.23014163830661,10414425,8
2009,Tunisia,11.260523168803038,10525691,8
2010,Tunisia,11.278080583890034,10635245,8
2011,Tunisia,11.312818433438498,10741872,8
2012,Tunisia,11.342175251481144,10846993,8
2013,Tunisia,11.364495294514168,10952949,8
2014,Tunisia,11.387361648637151,11063195,8
2015,Tunisia,11.404299653823541,11179951,8
2016,Tunisia,11.411404095243654,11303942,8
2017,Tunisia,11.44985598027588,11433438,8
2018,Tunisia,11.480689486900282,11565203,8
2019,Tunisia,11.507030691193291,11694721,8
1990,Ukraine,4.720982386072301,51891400,3794
1991,Ukraine,4.779093700660496,52000500,4123
1992,Ukraine,4.856677528918395,52150400,4512
1993,Ukraine,4.889532423168134,52179200,4850
1994,Ukraine,4.931796286359624,51921400,5239
1995,Ukraine,4.976943893530909,51512800,5793
1996,Ukraine,4.998487854836489,51057800,5543
1997,Ukraine,5.049522592284537,50594600,5092
1998,Ukraine,5.09588538349879,50144500,4566
1999,Ukraine,5.121612338804717,49674000,4664
2000,Ukraine,5.16496353296126,49176500,4819
2001,Ukraine,5.2026442304213445,48662400,4726
2002,Ukraine,5.273067400454317,48202470,4823
2003,Ukraine,5.325075402262681,47812949,4748
2004,Ukraine,5.341507465902116,47451626,4834
2005,Ukraine,5.386105874942375,47105171,4850
2006,Ukraine,5.417968206335053,46787786,5176
2007,Ukraine,5.4522919953043845,46509355,4316
2008,Ukraine,5.51212012882542,46258189,4029
2009,Ukraine,5.5462937091782365,46053331,3175
2010,Ukraine,5.577511272539048,45870741,2757
2011,Ukraine,5.6152321457442875,45706086,2521
2012,Ukraine,5.681842692048381,45593342,2617
2013,Ukraine,5.719713437667131,45489648,2355
2014,Ukraine,5.738164620850623,45272155,2267
2015,Ukraine,5.770788913566876,45154036,2986
2016,Ukraine,5.784522056186427,45004673,2880
2017,Ukraine,5.849531787195984,44831135,2835
2018,Ukraine,5.8982289126313105,44622518,2768
2019,Ukraine,5.934999207346925,44386203,2733
