year,country,temp,population
2022,Albania,7.4014230096700295,2804000
2023,Albania,7.439673887442613,2796000
2024,Albania,7.470487247482592,2787000
2025,Albania,7.529080568226746,2778000
2026,Albania,7.571456742575968,2768000
2027,Albania,7.609314266666124,2758000
2028,Albania,7.646244329243542,2748000
2029,Albania,7.687497479635047,2738000
2030,Albania,7.708190191135796,2727000
2031,Albania,7.728504056733779,2715000
2032,Albania,7.772852658520346,2703000
2033,Albania,7.798490244252419,2690000
2034,Albania,7.803399235300044,2676000
2035,Albania,7.830525125689209,2660000
2036,Albania,7.869029818620389,2644000
2037,Albania,7.932174895359641,2627000
2038,Albania,7.975452098186516,2609000
2039,Albania,8.01722469290549,2590000
2040,Albania,8.07228254166172,2570000
2041,Albania,8.138695281763866,2550000
2042,Albania,8.195479955429175,2529000
2043,Albania,8.266446770425823,2509000
2044,Albania,8.301309469546661,2487000
2045,Albania,8.341811374313776,2466000
2046,Albania,8.403132075748768,2444000
2047,Albania,8.45431015981414,2422000
2048,Albania,8.504577700690062,2401000
2049,Albania,8.553544464605213,2379000
2050,Albania,8.593443620485377,2356000
2022,Andorra,12.012223962375096,77000
2023,Andorra,12.034301207746779,78000
2024,Andorra,12.072435859271458,78000
2025,Andorra,12.090763919694083,78000
2026,Andorra,12.120917136328563,78000
2027,Andorra,12.134372047015596,78000
2028,Andorra,12.158409280436379,78000
2029,Andorra,12.186191804068429,78000
2030,Andorra,12.197546613216398,78000
2031,Andorra,12.20772044318063,78000
2032,Andorra,12.236319545337132,78000
2033,Andorra,12.241250876017979,78000
2034,Andorra,12.254841101169584,78000
2035,Andorra,12.275902996744428,78000
2036,Andorra,12.318224367073604,78000
2037,Andorra,12.360438944612234,78000
2038,Andorra,12.383026858738493,78000
2039,Andorra,12.412879911490851,78000
2040,Andorra,12.459263750485015,78000
2041,Andorra,12.493493258953094,78000
2042,Andorra,12.548105098520008,78000
2043,Andorra,12.594567564555579,78000
2044,Andorra,12.631896029199872,77000
2045,Andorra,12.681317836897716,77000
2046,Andorra,12.724294407027108,77000
2047,Andorra,12.769704083033968,77000
2048,Andorra,12.802512359619138,77000
2049,Andorra,12.84835354941232,76000
2050,Andorra,12.883547927652085,76000
2022,Austria,6.507616492146929,8970000
2023,Austria,6.53827822966403,8978000
2024,Austria,6.570703141872872,8985000
2025,Austria,6.625212881766118,8995000
2026,Austria,6.664069566542059,9007000
2027,Austria,6.684664614045741,9020000
2028,Austria,6.720911113581367,9034000
2029,Austria,6.745949346646844,9047000
2030,Austria,6.753392416552285,9058000
2031,Austria,6.771710017102309,9067000
2032,Austria,6.814463011103878,9075000
2033,Austria,6.83481554471132,9081000
2034,Austria,6.835659587353768,9086000
2035,Austria,6.858943557184945,9089000
2036,Austria,6.901932721507383,9091000
2037,Austria,6.957097580368206,9092000
2038,Austria,6.996203929916332,9090000
2039,Austria,7.034965987905108,9087000
2040,Austria,7.086633013307615,9082000
2041,Austria,7.158410595992951,9075000
2042,Austria,7.211988838619842,9067000
2043,Austria,7.273481198817219,9056000
2044,Austria,7.303577850036126,9045000
2045,Austria,7.340591637734654,9032000
2046,Austria,7.3992032436465065,9018000
2047,Austria,7.446046919542504,9003000
2048,Austria,7.489820183692098,8987000
2049,Austria,7.533273371935853,8972000
2050,Austria,7.5652630249416335,8955000
2022,Belgium,9.479669541787107,11618000
2023,Belgium,9.49636882871993,11647000
2024,Belgium,9.525510538229224,11676000
2025,Belgium,9.563124708575199,11705000
2026,Belgium,9.58758061555193,11735000
2027,Belgium,9.592683159843247,11764000
2028,Belgium,9.623771195325828,11792000
2029,Belgium,9.638189783007858,11818000
2030,Belgium,9.638001113528484,11842000
2031,Belgium,9.650735392833258,11864000
2032,Belgium,9.679519182336346,11885000
2033,Belgium,9.693478749998874,11904000
2034,Belgium,9.696701324252718,11922000
2035,Belgium,9.712762266836444,11939000
2036,Belgium,9.75081684949676,11956000
2037,Belgium,9.788913887963526,11971000
2038,Belgium,9.81645170938625,11986000
2039,Belgium,9.848166752303836,12000000
2040,Belgium,9.887673677542244,12013000
2041,Belgium,9.939997613852777,12026000
2042,Belgium,9.984867788570755,12037000
2043,Belgium,10.028864774298137,12047000
2044,Belgium,10.056022250580767,12057000
2045,Belgium,10.09055379018459,12065000
2046,Belgium,10.136904352685525,12072000
2047,Belgium,10.180519531544498,12078000
2048,Belgium,10.214151492095422,12084000
2049,Belgium,10.250042478568659,12089000
2050,Belgium,10.281206590389186,12093000
2022,Benin,15.203429306779846,12785000
2023,Benin,15.238294289169872,13124000
2024,Benin,15.280882712030897,13470000
2025,Benin,15.302624403709084,13822000
2026,Benin,15.336108953076101,14180000
2027,Benin,15.35966735501152,14544000
2028,Benin,15.382869049027494,14915000
2029,Benin,15.422809147167571,15291000
2030,Benin,15.447525392862524,15672000
2031,Benin,15.467003153600274,16060000
2032,Benin,15.49945985351115,16453000
2033,Benin,15.515546584363923,16851000
2034,Benin,15.541332680861581,17254000
2035,Benin,15.566582666763704,17663000
2036,Benin,15.610324472955545,18076000
2037,Benin,15.657421912620467,18494000
2038,Benin,15.68906780793353,18917000
2039,Benin,15.72419280986003,19344000
2040,Benin,15.77115013740049,19775000
2041,Benin,15.807689327605555,20210000
2042,Benin,15.859663401176524,20649000
2043,Benin,15.910640554240432,21091000
2044,Benin,15.951938622567884,21537000
2045,Benin,16.004490331423924,21986000
2046,Benin,16.048010330157073,22439000
2047,Benin,16.093771298425956,22895000
2048,Benin,16.1330077743744,23354000
2049,Benin,16.186523481414753,23816000
2050,Benin,16.23105386580328,24280000
2022,Burkina Faso,14.122612666443532,22103000
2023,Burkina Faso,14.155121140012877,22721000
2024,Burkina Faso,14.194713643029651,23352000
2025,Burkina Faso,14.217211370692915,23995000
2026,Burkina Faso,14.250651546712234,24652000
2027,Burkina Faso,14.267209237802444,25321000
2028,Burkina Faso,14.289983964821635,26003000
2029,Burkina Faso,14.320423278297332,26698000
2030,Burkina Faso,14.341572072927505,27404000
2031,Burkina Faso,14.359825490167756,28122000
2032,Burkina Faso,14.394251839134744,28852000
2033,Burkina Faso,14.411848107957077,29593000
2034,Burkina Faso,14.438466970817082,30344000
2035,Burkina Faso,14.463215715613584,31106000
2036,Burkina Faso,14.50320282699043,31878000
2037,Burkina Faso,14.54179515554982,32658000
2038,Burkina Faso,14.570655873800865,33448000
2039,Burkina Faso,14.602580346228077,34246000
2040,Burkina Faso,14.64651137891965,35051000
2041,Burkina Faso,14.682325680138854,35863000
2042,Burkina Faso,14.730377563879513,36682000
2043,Burkina Faso,14.772800171497307,37507000
2044,Burkina Faso,14.813451792591616,38339000
2045,Burkina Faso,14.862844035752161,39176000
2046,Burkina Faso,14.904014536355387,40018000
2047,Burkina Faso,14.95121623786111,40866000
2048,Burkina Faso,14.98919539739015,41718000
2049,Burkina Faso,15.041660322241873,42574000
2050,Burkina Faso,15.086273211777586,43432000
2022,Bulgaria,6.729962133734524,6846000
2023,Bulgaria,6.762325209659431,6793000
2024,Bulgaria,6.792850268406664,6740000
2025,Bulgaria,6.857833563537686,6686000
2026,Bulgaria,6.908277083786277,6631000
2027,Bulgaria,6.953410797712982,6576000
2028,Bulgaria,7.000010810055286,6520000
2029,Bulgaria,7.0453137797081284,6463000
2030,Bulgaria,7.070023079653665,6406000
2031,Bulgaria,7.096140509591408,6349000
2032,Bulgaria,7.149467937559187,6292000
2033,Bulgaria,7.185222205971698,6236000
2034,Bulgaria,7.189406047123212,6179000
2035,Bulgaria,7.218386510384067,6124000
2036,Bulgaria,7.255645748817411,6070000
2037,Bulgaria,7.3213237552238395,6016000
2038,Bulgaria,7.368885371454914,5963000
2039,Bulgaria,7.411555765388596,5911000
2040,Bulgaria,7.467778906148494,5860000
2041,Bulgaria,7.543777667128696,5810000
2042,Bulgaria,7.605296969073785,5760000
2043,Bulgaria,7.6852245404452555,5712000
2044,Bulgaria,7.726092736382391,5664000
2045,Bulgaria,7.763067088355343,5616000
2046,Bulgaria,7.818610783918706,5569000
2047,Bulgaria,7.868628711405509,5523000
2048,Bulgaria,7.926229662024052,5476000
2049,Bulgaria,7.980132094384863,5430000
2050,Bulgaria,8.02302091092892,5383000
2022,Bosnia and Herzegovina,6.756413151340807,3249000
2023,Bosnia and Herzegovina,6.791436253282139,3237000
2024,Bosnia and Herzegovina,6.823558574387375,3225000
2025,Bosnia and Herzegovina,6.882179935960249,3212000
2026,Bosnia and Herzegovina,6.925280917144723,3197000
2027,Bosnia and Herzegovina,6.957434690955845,3181000
2028,Bosnia and Herzegovina,6.994875244611595,3163000
2029,Bosnia and Herzegovina,7.0290057647800825,3145000
2030,Bosnia and Herzegovina,7.0437983197653935,3127000
2031,Bosnia and Herzegovina,7.063979056938678,3108000
2032,Bosnia and Herzegovina,7.109160926478777,3089000
2033,Bosnia and Herzegovina,7.133273163661574,3070000
2034,Bosnia and Herzegovina,7.13568487945305,3050000
2035,Bosnia and Herzegovina,7.161517195637066,3030000
2036,Bosnia and Herzegovina,7.20265864733866,3009000
2037,Bosnia and Herzegovina,7.264290534671489,2988000
2038,Bosnia and Herzegovina,7.306478123724817,2967000
2039,Bosnia and Herzegovina,7.3461554118288355,2945000
2040,Bosnia and Herzegovina,7.400743120614506,2923000
2041,Bosnia and Herzegovina,7.472341916263997,2901000
2042,Bosnia and Herzegovina,7.529398410052621,2878000
2043,Bosnia and Herzegovina,7.597919532394467,2855000
2044,Bosnia and Herzegovina,7.629492302074651,2831000
2045,Bosnia and Herzegovina,7.666904329026851,2808000
2046,Bosnia and Herzegovina,7.728604939892688,2784000
2047,Bosnia and Herzegovina,7.778431467408693,2759000
2048,Bosnia and Herzegovina,7.826881292820249,2735000
2049,Bosnia and Herzegovina,7.8742810331015205,2710000
2050,Bosnia and Herzegovina,7.90979972476907,2685000
2022,Belarus,4.85057644196215,9328000
2023,Belarus,4.875659969389959,9313000
2024,Belarus,4.9130224240047875,9296000
2025,Belarus,4.983556064575799,9277000
2026,Belarus,5.042518493617025,9257000
2027,Belarus,5.088862284136692,9236000
2028,Belarus,5.1421547810348995,9213000
2029,Belarus,5.185702727072376,9188000
2030,Belarus,5.2121248276166074,9160000
2031,Belarus,5.243792487885588,9130000
2032,Belarus,5.307415196670697,9098000
2033,Belarus,5.346432791740967,9064000
2034,Belarus,5.352467136740058,9027000
2035,Belarus,5.389503380062883,8989000
2036,Belarus,5.431265166809965,8951000
2037,Belarus,5.504522086163497,8912000
2038,Belarus,5.556371129825154,8873000
2039,Belarus,5.602818634639563,8836000
2040,Belarus,5.663913379038014,8800000
2041,Belarus,5.752817247046096,8765000
2042,Belarus,5.818274047253147,8731000
2043,Belarus,5.906311859524143,8698000
2044,Belarus,5.947154773892524,8667000
2045,Belarus,5.979060031704556,8636000
2046,Belarus,6.035461276334422,8606000
2047,Belarus,6.08411047727969,8577000
2048,Belarus,6.148214770155549,8549000
2049,Belarus,6.205340325080599,8523000
2050,Belarus,6.246546020630314,8496000
2022,Switzerland,7.45447584794828,8752000
2023,Switzerland,7.479815368393798,8805000
2024,Switzerland,7.5129537718027475,8857000
2025,Switzerland,7.556134613556749,8908000
2026,Switzerland,7.5857141856378005,8957000
2027,Switzerland,7.596736837508331,9006000
2028,Switzerland,7.630390077415236,9052000
2029,Switzerland,7.651103175187228,9097000
2030,Switzerland,7.655800279870585,9139000
2031,Switzerland,7.671375795838044,9179000
2032,Switzerland,7.707306360302304,9218000
2033,Switzerland,7.724561470488446,9255000
2034,Switzerland,7.728636705765237,9291000
2035,Switzerland,7.749125062187262,9326000
2036,Switzerland,7.790671600489708,9360000
2037,Switzerland,7.835978964807422,9392000
2038,Switzerland,7.867333927856728,9423000
2039,Switzerland,7.906133347942798,9453000
2040,Switzerland,7.952175668193009,9481000
2041,Switzerland,8.010565238848667,9508000
2042,Switzerland,8.059985181255486,9533000
2043,Switzerland,8.112518626877746,9557000
2044,Switzerland,8.142415556257541,9580000
2045,Switzerland,8.181581650385233,9601000
2046,Switzerland,8.235109067702878,9622000
2047,Switzerland,8.280446607315952,9641000
2048,Switzerland,8.31812722626602,9660000
2049,Switzerland,8.356967532463212,9678000
2050,Switzerland,8.3900942804811791,9695000
2022,Cabo Verde,3.4035231288434686,568000
2023,Cabo Verde,3.406303710909402,573000
2024,Cabo Verde,3.4218472445552983,579000
2025,Cabo Verde,3.455319484676978,584000
2026,Cabo Verde,3.4735819488663466,590000
2027,Cabo Verde,3.4966049312240743,595000
2028,Cabo Verde,3.550333425553159,600000
2029,Cabo Verde,3.5726008329929324,605000
2030,Cabo Verde,3.5983873900741044,610000
2031,Cabo Verde,3.6620797119558066,615000
2032,Cabo Verde,3.687773494307041,620000
2033,Cabo Verde,3.744238482581244,624000
2034,Cabo Verde,3.7933322765209048,629000
2035,Cabo Verde,3.841960785766242,633000
2036,Cabo Verde,3.8721945303859147,637000
2037,Cabo Verde,3.899705528811574,641000
2038,Cabo Verde,3.9378300716579964,645000
2039,Cabo Verde,3.985419454598668,649000
2040,Cabo Verde,4.029161891752622,652000
2041,Cabo Verde,4.085202938980526,656000
2042,Cabo Verde,4.121186704748006,659000
2043,Cabo Verde,4.1701811467758345,662000
2044,Cabo Verde,4.18633473983116,665000
2045,Cabo Verde,4.228737911391339,668000
2046,Cabo Verde,4.262088492663219,671000
2047,Cabo Verde,4.337062999455616,673000
2048,Cabo Verde,4.37608284701402,675000
2049,Cabo Verde,4.4196070352387355,677000
2050,Cabo Verde,4.479891578757804,679000
2022,Cyprus,7.558278597412277,1223000
2023,Cyprus,7.586651365532075,1231000
2024,Cyprus,7.613887064165825,1238000
2025,Cyprus,7.674599646119041,1245000
2026,Cyprus,7.728295410188291,1251000
2027,Cyprus,7.784547762781901,1257000
2028,Cyprus,7.835731969545673,1263000
2029,Cyprus,7.888596652110051,1269000
2030,Cyprus,7.917690637185765,1275000
2031,Cyprus,7.949320189495835,1280000
2032,Cyprus,8.00785262271385,1286000
2033,Cyprus,8.051926704988269,1291000
2034,Cyprus,8.066124613631438,1296000
2035,Cyprus,8.09383629426746,1301000
2036,Cyprus,8.127327858596576,1306000
2037,Cyprus,8.185669723842132,1311000
2038,Cyprus,8.228640808520206,1315000
2039,Cyprus,8.278346879533943,1320000
2040,Cyprus,8.327736607292604,1324000
2041,Cyprus,8.399230207059876,1328000
2042,Cyprus,8.456336808914914,1332000
2043,Cyprus,8.541049792990771,1335000
2044,Cyprus,8.590914776725135,1339000
2045,Cyprus,8.631504648131546,1342000
2046,Cyprus,8.681979764825801,1345000
2047,Cyprus,8.73388077200169,1348000
2048,Cyprus,8.8006083618872335,1350000
2049,Cyprus,8.855596258988724,1353000
2050,Cyprus,8.913705346119118,1355000
2022,Germany,7.112327417707308,83001000
2023,Germany,7.13956333002874,82837000
2024,Germany,7.171223511870036,82678000
2025,Germany,7.221346677672814,82553000
2026,Germany,7.255624718019767,82460000
2027,Germany,7.270194404690074,82390000
2028,Germany,7.305101892261692,82333000
2029,Germany,7.326372386584517,82276000
2030,Germany,7.3304444494759595,82210000
2031,Germany,7.347063060069989,82133000
2032,Germany,7.386324940121706,82045000
2033,Germany,7.404685358858856,81947000
2034,Germany,7.405402447210805,81839000
2035,Germany,7.426229493182032,81720000
2036,Germany,7.467697904905212,81591000
2037,Germany,7.51764936168841,81450000
2038,Germany,7.553091057872523,81295000
2039,Germany,7.5912527855987735,81128000
2040,Germany,7.6399987558513365,80946000
2041,Germany,7.706963728241571,80751000
2042,Germany,7.757774970489556,80543000
2043,Germany,7.8144712046613884,80322000
2044,Germany,7.843628533833899,80090000
2045,Germany,7.880095863271248,79849000
2046,Germany,7.935890850869224,79603000
2047,Germany,7.981050448945007,79354000
2048,Germany,8.020955662400224,79105000
2049,Germany,8.061600201018546,78859000
2050,Germany,8.09288200007108,78610000
2022,Denmark,5.0526421626812885,5877000
2023,Denmark,5.0775317982491215,5897000
2024,Denmark,5.108410425589926,5918000
2025,Denmark,5.167965566472211,5938000
2026,Denmark,5.209593616086843,5958000
2027,Denmark,5.227485316302456,5976000
2028,Denmark,5.269155490800156,5994000
2029,Denmark,5.283554902940193,6011000
2030,Denmark,5.290482623199706,6027000
2031,Denmark,5.3142040068319325,6042000
2032,Denmark,5.357392262158756,6057000
2033,Denmark,5.378567971735197,6072000
2034,Denmark,5.381787640205357,6086000
2035,Denmark,5.407315660321889,6101000
2036,Denmark,5.44895912660264,6115000
2037,Denmark,5.503721862335497,6129000
2038,Denmark,5.548055450990401,6142000
2039,Denmark,5.585216629707091,6155000
2040,Denmark,5.638347079646502,6167000
2041,Denmark,5.721246604342366,6178000
2042,Denmark,5.7760721390443805,6188000
2043,Denmark,5.836339171876869,6198000
2044,Denmark,5.863252706125709,6207000
2045,Denmark,5.8978978290806605,6216000
2046,Denmark,5.958984814633938,6224000
2047,Denmark,6.006103436022193,6232000
2048,Denmark,6.049546947219821,6240000
2049,Denmark,6.093762389454122,6247000
2050,Denmark,6.124004817276836,6254000
2022,Algeria,13.403151388348547,45350000
2023,Algeria,13.43565808143024,46053000
2024,Algeria,13.472931970265295,46731000
2025,Algeria,13.50129647517528,47388000
2026,Algeria,13.533363870494558,48022000
2027,Algeria,13.551554434797264,48634000
2028,Algeria,13.57666936307326,49226000
2029,Algeria,13.607717661234627,49801000
2030,Algeria,13.627928758870532,50361000
2031,Algeria,13.6471319540029,50908000
2032,Algeria,13.68193567845785,51444000
2033,Algeria,13.700687769326732,51971000
2034,Algeria,13.72236726410814,52494000
2035,Algeria,13.747241828498465,53016000
2036,Algeria,13.787582176154654,53537000
2037,Algeria,13.829631135571825,54059000
2038,Algeria,13.860190175664385,54583000
2039,Algeria,13.895621370893533,55110000
2040,Algeria,13.940094505111942,55640000
2041,Algeria,13.98307234230542,56174000
2042,Algeria,14.031474111460797,56711000
2043,Algeria,14.078527203887695,57250000
2044,Algeria,14.117016686474749,57789000
2045,Algeria,14.164185960871079,58326000
2046,Algeria,14.209830590411068,58859000
2047,Algeria,14.256236551637361,59388000
2048,Algeria,14.295451967821181,59911000
2049,Algeria,14.344572488909286,60423000
2050,Algeria,14.386833718078876,60923000
2022,Spain,13.815472264731575,47277000
2023,Spain,13.846774690060238,47213000
2024,Spain,13.885292807353732,47141000
2025,Spain,13.908311350173593,47068000
2026,Spain,13.940563096194738,46992000
2027,Spain,13.95582768172034,46913000
2028,Spain,13.979206492041072,46829000
2029,Spain,14.00763229852897,46741000
2030,Spain,14.029204877117666,46646000
2031,Spain,14.049497739217125,46545000
2032,Spain,14.083571498556521,46440000
2033,Spain,14.103089304089607,46332000
2034,Spain,14.130779601020487,46221000
2035,Spain,14.157043602692081,46107000
2036,Spain,14.195959414114412,45989000
2037,Spain,14.233668082701929,45868000
2038,Spain,14.26181251115427,45742000
2039,Spain,14.294572567210857,45611000
2040,Spain,14.338799052167163,45473000
2041,Spain,14.375756185314922,45329000
2042,Spain,14.42330835962783,45177000
2043,Spain,14.465072990494393,45017000
2044,Spain,14.505322923188817,44850000
2045,Spain,14.554242904136023,44673000
2046,Spain,14.595370400111326,44488000
2047,Spain,14.644098483864374,44294000
2048,Spain,14.68214172808529,44090000
2049,Spain,14.734396180271391,43877000
2050,Spain,14.77935441071187,43648000
2022,Estonia,3.3711897615242963,1324000
2023,Estonia,3.399481228054467,1319000
2024,Estonia,3.4434303907589894,1313000
2025,Estonia,3.516872781709337,1307000
2026,Estonia,3.5819830310983805,1302000
2027,Estonia,3.62526572915596,1297000
2028,Estonia,3.679480172158089,1292000
2029,Estonia,3.7188668065798907,1286000
2030,Estonia,3.7517568902648604,1281000
2031,Estonia,3.7880815108482837,1275000
2032,Estonia,3.8515648131822626,1269000
2033,Estonia,3.884829822057582,1262000
2034,Estonia,3.8966875111855876,1255000
2035,Estonia,3.9408720205222916,1249000
2036,Estonia,3.9870086175147996,1242000
2037,Estonia,4.068106290759211,1235000
2038,Estonia,4.130970960278635,1229000
2039,Estonia,4.173943180270237,1222000
2040,Estonia,4.243048874735399,1216000
2041,Estonia,4.344545953868096,1209000
2042,Estonia,4.416192309342928,1203000
2043,Estonia,4.499514514007671,1197000
2044,Estonia,4.534646117406861,1191000
2045,Estonia,4.570623877709857,1185000
2046,Estonia,4.6373544275929435,1179000
2047,Estonia,4.68762092237129,1173000
2048,Estonia,4.753971862314687,1168000
2049,Estonia,4.813335532738697,1162000
2050,Estonia,4.845870403548022,1156000
2022,Finland,2.607596743518569,5547000
2023,Finland,2.6369132599554286,5551000
2024,Finland,2.6831644421358183,5555000
2025,Finland,2.7560158374392905,5558000
2026,Finland,2.8240793559027684,5560000
2027,Finland,2.871329156022386,5560000
2028,Finland,2.9273543644598767,5559000
2029,Finland,2.968396202542079,5557000
2030,Finland,3.005171517437802,5553000
2031,Finland,3.044702225689927,5548000
2032,Finland,3.1100352282994543,5543000
2033,Finland,3.1433986704603885,5538000
2034,Finland,3.1605963771999397,5533000
2035,Finland,3.2071822403351318,5528000
2036,Finland,3.255112614226841,5522000
2037,Finland,3.3386612675179728,5517000
2038,Finland,3.4030837903573112,5512000
2039,Finland,3.446678760628326,5508000
2040,Finland,3.518658991726397,5503000
2041,Finland,3.6215884078410636,5498000
2042,Finland,3.695908519056365,5494000
2043,Finland,3.7791684418203797,5489000
2044,Finland,3.8139041089468546,5484000
2045,Finland,3.8515896666055003,5479000
2046,Finland,3.9221088449981947,5474000
2047,Finland,3.9738030022842743,5468000
2048,Finland,4.041226769614839,5463000
2049,Finland,4.102653337279921,5457000
2050,Finland,4.13593161710316,5450000
2022,France,10.16869013503512,67656000
2023,France,10.191855110675462,67819000
2024,France,10.224785359749733,67979000
2025,France,10.253054399060725,68126000
2026,France,10.28042006572825,68260000
2027,France,10.290269297915208,68380000
2028,France,10.31697956640345,68487000
2029,France,10.33854343312685,68581000
2030,France,10.3471221146733,68665000
2031,France,10.359189703860235,68741000
2032,France,10.390597308013358,68809000
2033,France,10.403059753059132,68872000
2034,France,10.414044717978472,68930000
2035,France,10.434341386708065,68984000
2036,France,10.47192030723422,69034000
2037,France,10.50978055449463,69080000
2038,France,10.534185513539706,69123000
2039,France,10.566243222770591,69161000
2040,France,10.608486269263548,69196000
2041,France,10.651640094653755,69225000
2042,France,10.699689289908678,69248000
2043,France,10.743623960815633,69265000
2044,France,10.77616017776461,69276000
2045,France,10.818767225483844,69279000
2046,France,10.864778750718388,69275000
2047,France,10.90944327540142,69262000
2048,France,10.942722676650618,69243000
2049,France,10.983789702075502,69218000
2050,France,11.017457238625624,69180000
2022,Faroe Islands,7.008378733121432,49000
2023,Faroe Islands,7.012843190706693,49000
2024,Faroe Islands,7.026720641209529,50000
2025,Faroe Islands,7.052218261131873,50000
2026,Faroe Islands,7.063350538107065,50000
2027,Faroe Islands,7.068363805917593,50000
2028,Faroe Islands,7.1013236632713905,50000
2029,Faroe Islands,7.10716002537654,51000
2030,Faroe Islands,7.1164906575129585,51000
2031,Faroe Islands,7.153437680464524,51000
2032,Faroe Islands,7.175593897012564,51000
2033,Faroe Islands,7.199161206758939,52000
2034,Faroe Islands,7.21816053390503,52000
2035,Faroe Islands,7.23415994644165,52000
2036,Faroe Islands,7.24022494829618,52000
2037,Faroe Islands,7.257358873807467,52000
2038,Faroe Islands,7.278931382986215,52000
2039,Faroe Islands,7.308043406559871,53000
2040,Faroe Islands,7.334034486917349,53000
2041,Faroe Islands,7.377042058797983,53000
2042,Faroe Islands,7.4051053854135365,53000
2043,Faroe Islands,7.430179948073167,53000
2044,Faroe Islands,7.436317861997164,53000
2045,Faroe Islands,7.462860518235427,53000
2046,Faroe Islands,7.497217295720027,53000
2047,Faroe Islands,7.543550718747652,53000
2048,Faroe Islands,7.56454098041241,53000
2049,Faroe Islands,7.584878532703106,53000
2050,Faroe Islands,7.609277064983662,53000
2022,Ghana,14.20094565729596,32395000
2023,Ghana,14.232705922411753,33063000
2024,Ghana,14.272123548417229,33734000
2025,Ghana,14.293899626676241,34409000
2026,Ghana,14.326945918932871,35087000
2027,Ghana,14.344390212821436,35769000
2028,Ghana,14.367201166884483,36454000
2029,Ghana,14.398490132688933,37142000
2030,Ghana,14.419083997956957,37833000
2031,Ghana,14.43657604533974,38528000
2032,Ghana,14.470502040446464,39225000
2033,Ghana,14.48707853359438,39925000
2034,Ghana,14.513063092876928,40627000
2035,Ghana,14.537083572789953,41332000
2036,Ghana,14.577316824037535,42038000
2037,Ghana,14.615914392296505,42747000
2038,Ghana,14.644802255531834,43457000
2039,Ghana,14.676616963722049,44169000
2040,Ghana,14.720479545947091,44883000
2041,Ghana,14.75606964730019,45597000
2042,Ghana,14.804581647110473,46313000
2043,Ghana,14.847846481329308,47029000
2044,Ghana,14.887984433856266,47745000
2045,Ghana,14.93747078261211,48461000
2046,Ghana,14.978078381032102,49175000
2047,Ghana,15.024508227432753,49888000
2048,Ghana,15.061839944995842,50600000
2049,Ghana,15.113601589017621,51309000
2050,Ghana,15.157590594506754,52016000
2022,Gibraltar,12.748426429985109,34000
2023,Gibraltar,12.77689496491307,34000
2024,Gibraltar,12.8116407948871,34000
2025,Gibraltar,12.831857441007628,34000
2026,Gibraltar,12.863219028295472,34000
2027,Gibraltar,12.868232486783995,34000
2028,Gibraltar,12.890190723330473,34000
2029,Gibraltar,12.906616173973374,34000
2030,Gibraltar,12.923839295557297,34000
2031,Gibraltar,12.938842396403473,34000
2032,Gibraltar,12.973190067350401,34000
2033,Gibraltar,12.989684367364687,34000
2034,Gibraltar,13.014479688895769,34000
2035,Gibraltar,13.03866182371628,34000
2036,Gibraltar,13.07185349723166,34000
2037,Gibraltar,13.10235402380774,34000
2038,Gibraltar,13.123659936032547,34000
2039,Gibraltar,13.149569078933366,34000
2040,Gibraltar,13.190932898558378,34000
2041,Gibraltar,13.224470009175386,34000
2042,Gibraltar,13.266773057538405,34000
2043,Gibraltar,13.297458053559296,34000
2044,Gibraltar,13.336144780003755,34000
2045,Gibraltar,13.378677482752838,34000
2046,Gibraltar,13.42181127385576,34000
2047,Gibraltar,13.469689919967054,34000
2048,Gibraltar,13.505385494971465,34000
2049,Gibraltar,13.555651986321733,34000
2050,Gibraltar,13.597195470055864,34000
2022,Guinea,13.134564425855489,13866000
2023,Guinea,13.159027960974868,14239000
2024,Guinea,13.19249016867787,14618000
2025,Guinea,13.214475125438689,15004000
2026,Guinea,13.24174420454135,15397000
2027,Guinea,13.24595698764243,15795000
2028,Guinea,13.267045729913773,16199000
2029,Guinea,13.282040261881445,16608000
2030,Guinea,13.300583601177637,17021000
2031,Guinea,13.32090887062874,17439000
2032,Guinea,13.352374494321731,17861000
2033,Guinea,13.373742025937036,18287000
2034,Guinea,13.40220483980171,18716000
2035,Guinea,13.429088198008037,19150000
2036,Guinea,13.460942029636838,19587000
2037,Guinea,13.488261098746369,20027000
2038,Guinea,13.508838913452145,20470000
2039,Guinea,13.539526289125533,20916000
2040,Guinea,13.582037366728064,21365000
2041,Guinea,13.617652185654116,21816000
2042,Guinea,13.659893298419949,22269000
2043,Guinea,13.691794908779583,22725000
2044,Guinea,13.731044239083909,23184000
2045,Guinea,13.776046951397438,23644000
2046,Guinea,13.813433185873157,24107000
2047,Guinea,13.86472884638461,24571000
2048,Guinea,13.899360156858371,25037000
2049,Guinea,13.949459833633618,25504000
2050,Guinea,13.991302519695996,25972000
2022,Guinea-Bissau,2.5006256670267484,2063000
2023,Guinea-Bissau,2.5091101116471117,2112000
2024,Guinea-Bissau,2.538520391435909,2160000
2025,Guinea-Bissau,2.5749277027526474,2209000
2026,Guinea-Bissau,2.5957762881333166,2259000
2027,Guinea-Bissau,2.622347810717391,2309000
2028,Guinea-Bissau,2.672849676344879,2359000
2029,Guinea-Bissau,2.698089383827331,2410000
2030,Guinea-Bissau,2.7257014807625386,2461000
2031,Guinea-Bissau,2.794465913274193,2513000
2032,Guinea-Bissau,2.8420747047195487,2565000
2033,Guinea-Bissau,2.9053813366450907,2618000
2034,Guinea-Bissau,2.9685064878769825,2671000
2035,Guinea-Bissau,3.0215930370773467,2724000
2036,Guinea-Bissau,3.0572592635917877,2778000
2037,Guinea-Bissau,3.1047701512536983,2832000
2038,Guinea-Bissau,3.158234972843516,2886000
2039,Guinea-Bissau,3.2166798350895762,2941000
2040,Guinea-Bissau,3.27923615906245,2996000
2041,Guinea-Bissau,3.3593741697661184,3052000
2042,Guinea-Bissau,3.417210933263017,3107000
2043,Guinea-Bissau,3.473028688749443,3163000
2044,Guinea-Bissau,3.5006919592424217,3220000
2045,Guinea-Bissau,3.5573220810916153,3276000
2046,Guinea-Bissau,3.60105602466239,3332000
2047,Guinea-Bissau,3.6815078397423546,3389000
2048,Guinea-Bissau,3.7283030936631256,3445000
2049,Guinea-Bissau,3.7792812832131357,3501000
2050,Guinea-Bissau,3.8389271189837544,3557000
2022,Greece,7.982337927115711,10605000
2023,Greece,8.016831942192566,10548000
2024,Greece,8.045771113558903,10494000
2025,Greece,8.10666414275155,10442000
2026,Greece,8.153106518494027,10391000
2027,Greece,8.197675489895754,10342000
2028,Greece,8.240750512188676,10294000
2029,Greece,8.286249996167351,10247000
2030,Greece,8.311756314247669,10201000
2031,Greece,8.336227144203706,10156000
2032,Greece,8.385384082365162,10111000
2033,Greece,8.419197942258256,10067000
2034,Greece,8.425543315736808,10024000
2035,Greece,8.452844611222545,9980000
2036,Greece,8.488204457727406,9937000
2037,Greece,8.550016036269403,9893000
2038,Greece,8.594672786006344,9849000
2039,Greece,8.637681844674578,9805000
2040,Greece,8.690276918021667,9760000
2041,Greece,8.760454487833359,9713000
2042,Greece,8.818310663660204,9666000
2043,Greece,8.893731608092121,9618000
2044,Greece,8.9347444015113,9569000
2045,Greece,8.973254100300498,9519000
2046,Greece,9.028759416475312,9467000
2047,Greece,9.079018986486762,9414000
2048,Greece,9.135127934931603,9359000
2049,Greece,9.187130680893837,9302000
2050,Greece,9.23086831869229,9241000
2022,Croatia,6.830456921645354,3877000
2023,Croatia,6.864927484870481,3857000
2024,Croatia,6.897285557788062,3836000
2025,Croatia,6.954280225069932,3815000
2026,Croatia,6.995665095242742,3793000
2027,Croatia,7.024056537674208,3771000
2028,Croatia,7.060479057269217,3748000
2029,Croatia,7.092081463570962,3725000
2030,Croatia,7.1052369215333435,3702000
2031,Croatia,7.124522655233131,3679000
2032,Croatia,7.168738156704194,3655000
2033,Croatia,7.191434328415078,3631000
2034,Croatia,7.193625975162079,3606000
2035,Croatia,7.218952119068974,3581000
2036,Croatia,7.260477918112942,3555000
2037,Croatia,7.320260491045006,3530000
2038,Croatia,7.361645434884308,3504000
2039,Croatia,7.400916310694171,3478000
2040,Croatia,7.454395952462602,3452000
2041,Croatia,7.525789843529239,3427000
2042,Croatia,7.58134470940287,3401000
2043,Croatia,7.647165193952524,3376000
2044,Croatia,7.678298646372373,3350000
2045,Croatia,7.7160945455788035,3325000
2046,Croatia,7.777038168639673,3299000
2047,Croatia,7.825850770277932,3274000
2048,Croatia,7.872780192673722,3249000
2049,Croatia,7.9189834626352695,3224000
2050,Croatia,7.953129173656604,3198000
2022,Hungary,6.098753772540815,9679000
2023,Hungary,6.130673843394673,9647000
2024,Hungary,6.162851820631177,9614000
2025,Hungary,6.226332098320856,9581000
2026,Hungary,6.273145121728397,9546000
2027,Hungary,6.306641140564452,9510000
2028,Hungary,6.348078958699791,9473000
2029,Hungary,6.382652672769472,9434000
2030,Hungary,6.397335643751061,9395000
2031,Hungary,6.420235350174555,9354000
2032,Hungary,6.467699289530575,9311000
2033,Hungary,6.494536848239269,9266000
2034,Hungary,6.49583137034923,9221000
2035,Hungary,6.52418249499692,9174000
2036,Hungary,6.5661438791926425,9126000
2037,Hungary,6.631250776237117,9078000
2038,Hungary,6.676600830832808,9030000
2039,Hungary,6.717029232548914,8983000
2040,Hungary,6.773570463288198,8936000
2041,Hungary,6.849439059733257,8891000
2042,Hungary,6.909204993538935,8847000
2043,Hungary,6.981514253811777,8803000
2044,Hungary,7.013343953051715,8761000
2045,Hungary,7.049766562645099,8720000
2046,Hungary,7.110696814642613,8680000
2047,Hungary,7.160217351073412,8640000
2048,Hungary,7.210742543850486,8600000
2049,Hungary,7.260212644936896,8560000
2050,Hungary,7.296011417048102,8519000
2022,Isle of Man,8.08042018921649,86000
2023,Isle of Man,8.09359022437549,86000
2024,Isle of Man,8.10995812689672,86000
2025,Isle of Man,8.137510143342563,87000
2026,Isle of Man,8.15181227199367,87000
2027,Isle of Man,8.147623228245093,87000
2028,Isle of Man,8.172650896134922,87000
2029,Isle of Man,8.17529296875,88000
2030,Isle of Man,8.175437931154597,88000
2031,Isle of Man,8.189703061932425,88000
2032,Isle of Man,8.216814338183793,89000
2033,Isle of Man,8.237882059128555,89000
2034,Isle of Man,8.25282084941864,89000
2035,Isle of Man,8.268085284311262,89000
2036,Isle of Man,8.289132960507125,89000
2037,Isle of Man,8.301502716345865,90000
2038,Isle of Man,8.31574251612679,90000
2039,Isle of Man,8.336932698234184,90000
2040,Isle of Man,8.359629941768334,90000
2041,Isle of Man,8.401170505851997,90000
2042,Isle of Man,8.434263936808854,90000
2043,Isle of Man,8.458261048207518,90000
2044,Isle of Man,8.480969208185787,91000
2045,Isle of Man,8.510510655700182,91000
2046,Isle of Man,8.54811951957765,91000
2047,Isle of Man,8.590558843534502,91000
2048,Isle of Man,8.6141129849387,91000
2049,Isle of Man,8.64541112985767,91000
2050,Isle of Man,8.674521502901294,91000
2022,Ireland,9.529760009312593,5060000
2023,Ireland,9.537831299403615,5088000
2024,Ireland,9.550488510378806,5114000
2025,Ireland,9.568309495614706,5140000
2026,Ireland,9.576360681405905,5167000
2027,Ireland,9.569762525080664,5194000
2028,Ireland,9.589698968055629,5220000
2029,Ireland,9.59366927962585,5246000
2030,Ireland,9.594889440704073,5270000
2031,Ireland,9.60600183607204,5294000
2032,Ireland,9.630030886351307,5317000
2033,Ireland,9.648414485670358,5339000
2034,Ireland,9.661767645914722,5361000
2035,Ireland,9.671317930743232,5384000
2036,Ireland,9.68562449935002,5406000
2037,Ireland,9.694253354297459,5429000
2038,Ireland,9.700471118001882,5452000
2039,Ireland,9.715124343973404,5475000
2040,Ireland,9.73392289864845,5497000
2041,Ireland,9.76780244433011,5520000
2042,Ireland,9.798683015134731,5542000
2043,Ireland,9.815751983536689,5564000
2044,Ireland,9.836690014987628,5584000
2045,Ireland,9.866179452887913,5604000
2046,Ireland,9.898503961415619,5623000
2047,Ireland,9.938536120839352,5641000
2048,Ireland,9.960639985531369,5657000
2049,Ireland,9.993625810192277,5672000
2050,Ireland,10.022341835934043,5685000
2022,Iceland,3.029796784790221,374000
2023,Iceland,3.0358859950702657,376000
2024,Iceland,3.0576178095314517,378000
2025,Iceland,3.0924080847983713,380000
2026,Iceland,3.111394389265746,382000
2027,Iceland,3.1350600223727008,384000
2028,Iceland,3.185791520842722,386000
2029,Iceland,3.2087440903040836,387000
2030,Iceland,3.2363006428582493,389000
2031,Iceland,3.3015372473226208,390000
2032,Iceland,3.3378377235924668,392000
2033,Iceland,3.3963248944954194,393000
2034,Iceland,3.451225786811111,394000
2035,Iceland,3.4986459001796977,395000
2036,Iceland,3.5303311848617267,396000
2037,Iceland,3.5677169354456173,397000
2038,Iceland,3.6140778921551706,398000
2039,Iceland,3.6657185796663745,399000
2040,Iceland,3.715999814558527,400000
2041,Iceland,3.781829851492803,401000
2042,Iceland,3.830510573755986,401000
2043,Iceland,3.8817178036936872,402000
2044,Iceland,3.9044684725198793,402000
2045,Iceland,3.9547414780625876,403000
2046,Iceland,3.993675224209391,403000
2047,Iceland,4.069359600894599,404000
2048,Iceland,4.112229545194522,404000
2049,Iceland,4.157494104791223,404000
2050,Iceland,4.217625690665312,404000
2022,Italy,8.625756181620481,58936000
2023,Italy,8.65871174761678,58802000
2024,Italy,8.691571235333692,58661000
2025,Italy,8.73913404784513,58506000
2026,Italy,8.774692246089495,58340000
2027,Italy,8.797562837831723,58164000
2028,Italy,8.829715982168231,57980000
2029,Italy,8.859660707570074,57793000
2030,Italy,8.873527270812906,57605000
2031,Italy,8.891355115704378,57418000
2032,Italy,8.931572301203843,57231000
2033,Italy,8.951406914876944,57046000
2034,Italy,8.957272627601622,56861000
2035,Italy,8.981356271896955,56675000
2036,Italy,9.021609332356718,56488000
2037,Italy,9.074654747486736,56296000
2038,Italy,9.111835978026257,56098000
2039,Italy,9.151091162854327,55892000
2040,Italy,9.199728930802793,55675000
2041,Italy,9.261962124500537,55446000
2042,Italy,9.312887371186072,55204000
2043,Italy,9.371273213065665,54946000
2044,Italy,9.403278007405993,54673000
2045,Italy,9.443188875659336,54382000
2046,Italy,9.500153110031066,54076000
2047,Italy,9.54640251603618,53755000
2048,Italy,9.589987629989206,53422000
2049,Italy,9.633634624975343,53078000
2050,Italy,9.668223982689854,52716000
2022,Liberia,14.396592165696564,5305000
2023,Liberia,14.423599105014281,5432000
2024,Liberia,14.457611833612983,5561000
2025,Liberia,14.477871214253563,5692000
2026,Liberia,14.506473527383111,5825000
2027,Liberia,14.508173310958297,5959000
2028,Liberia,14.52562628588617,6095000
2029,Liberia,14.539096150148282,6233000
2030,Liberia,14.556577947912302,6372000
2031,Liberia,14.570760842126624,6512000
2032,Liberia,14.600156157354661,6654000
2033,Liberia,14.61619334484634,6797000
2034,Liberia,14.64008614110777,6941000
2035,Liberia,14.663826325603948,7086000
2036,Liberia,14.695493030287706,7232000
2037,Liberia,14.720299158882167,7379000
2038,Liberia,14.736771897340654,7527000
2039,Liberia,14.763811497487469,7676000
2040,Liberia,14.803656323946118,7825000
2041,Liberia,14.833216882471975,7975000
2042,Liberia,14.873561475839143,8126000
2043,Liberia,14.902638755410942,8277000
2044,Liberia,14.943623349309467,8428000
2045,Liberia,14.98716427038578,8580000
2046,Liberia,15.023944358986624,8732000
2047,Liberia,15.071605002745903,8884000
2048,Liberia,15.10478518774615,9036000
2049,Liberia,15.155060654774779,9188000
2050,Liberia,15.195091910266125,9340000
2022,Libya,9.539057121012931,7041000
2023,Libya,9.573115881727784,7119000
2024,Libya,9.604615846223375,7194000
2025,Libya,9.653275142976945,7268000
2026,Libya,9.689684399736903,7340000
2027,Libya,9.717217429849747,7410000
2028,Libya,9.749331839968484,7477000
2029,Libya,9.782222215887323,7543000
2030,Libya,9.798710218487503,7606000
2031,Libya,9.818369204307027,7668000
2032,Libya,9.858812787431418,7728000
2033,Libya,9.880428471397773,7785000
2034,Libya,9.888249970245905,7842000
2035,Libya,9.913229580896784,7897000
2036,Libya,9.953621643925691,7950000
2037,Libya,10.007858827744373,8003000
2038,Libya,10.04651069045482,8053000
2039,Libya,10.08672609128727,8103000
2040,Libya,10.135636156337508,8151000
2041,Libya,10.198769696955784,8197000
2042,Libya,10.250223451084267,8242000
2043,Libya,10.310495674856979,8286000
2044,Libya,10.34391796513083,8327000
2045,Libya,10.38349628767491,8366000
2046,Libya,10.44037478976992,8403000
2047,Libya,10.486920403309098,8437000
2048,Libya,10.53164353275896,8469000
2049,Libya,10.576545637851378,8499000
2050,Libya,10.61286627588603,8525000
2022,Liechtenstein,7.53331156949737,38000
2023,Liechtenstein,7.55945056834836,39000
2024,Liechtenstein,7.591216645504147,39000
2025,Liechtenstein,7.636407416361045,39000
2026,Liechtenstein,7.668052082952062,39000
2027,Liechtenstein,7.679180199516156,39000
2028,Liechtenstein,7.713086566593077,39000
2029,Liechtenstein,7.732403634777702,39000
2030,Liechtenstein,7.734030892802812,39000
2031,Liechtenstein,7.7497468032532275,40000
2032,Liechtenstein,7.787806075443576,40000
2033,Liechtenstein,7.80558215171287,40000
2034,Liechtenstein,7.8076737284707525,40000
2035,Liechtenstein,7.827924224088279,40000
2036,Liechtenstein,7.86996793019366,40000
2037,Liechtenstein,7.915541984989679,40000
2038,Liechtenstein,7.945893193630481,40000
2039,Liechtenstein,7.985044819173182,40000
2040,Liechtenstein,8.03126428002798,40000
2041,Liechtenstein,8.092240089479883,40000
2042,Liechtenstein,8.141151607413837,40000
2043,Liechtenstein,8.195255027918876,40000
2044,Liechtenstein,8.225912705818315,40000
2045,Liechtenstein,8.262690071252326,40000
2046,Liechtenstein,8.315939463392093,40000
2047,Liechtenstein,8.361135483919822,40000
2048,Liechtenstein,8.398024549212638,40000
2049,Liechtenstein,8.437055104140992,40000
2050,Liechtenstein,8.46933158741721,40000
2022,Lithuania,4.317677381041774,2769000
2023,Lithuania,4.344662857417194,2746000
2024,Lithuania,4.384448347110776,2724000
2025,Lithuania,4.457047083551759,2702000
2026,Lithuania,4.516032662583948,2681000
2027,Lithuania,4.5551527843190325,2659000
2028,Lithuania,4.605993213497366,2639000
2029,Lithuania,4.642905098118389,2618000
2030,Lithuania,4.667676739631257,2598000
2031,Lithuania,4.6998189578330996,2577000
2032,Lithuania,4.758831061423036,2557000
2033,Lithuania,4.792947385729212,2537000
2034,Lithuania,4.798651143855299,2516000
2035,Lithuania,4.838903495012184,2496000
2036,Lithuania,4.88273192287839,2475000
2037,Lithuania,4.9582139201017394,2455000
2038,Lithuania,5.0161067675683935,2435000
2039,Lithuania,5.059520981738201,2415000
2040,Lithuania,5.123094041851215,2396000
2041,Lithuania,5.217468809683354,2377000
2042,Lithuania,5.2852234577238,2359000
2043,Lithuania,5.368134459236105,2341000
2044,Lithuania,5.403674266740657,2323000
2045,Lithuania,5.438281554600333,2306000
2046,Lithuania,5.499802084689966,2289000
2047,Lithuania,5.548596575449206,2273000
2048,Lithuania,5.610596551131832,2257000
2049,Lithuania,5.667527902248214,2242000
2050,Lithuania,5.70217658993354,2227000
2022,Luxembourg,9.008679285740158,646000
2023,Luxembourg,9.025429045835917,652000
2024,Luxembourg,9.052386446253601,658000
2025,Luxembourg,9.094499992748688,663000
2026,Luxembourg,9.11974855238783,669000
2027,Luxembourg,9.124780081127307,675000
2028,Luxembourg,9.15729891875193,681000
2029,Luxembourg,9.169820417140002,687000
2030,Luxembourg,9.171066010316427,692000
2031,Luxembourg,9.184896603018384,698000
2032,Luxembourg,9.215300990786924,703000
2033,Luxembourg,9.230607249079382,708000
2034,Luxembourg,9.233006382836786,714000
2035,Luxembourg,9.249366582727504,719000
2036,Luxembourg,9.28573032861441,724000
2037,Luxembourg,9.323106219232312,729000
2038,Luxembourg,9.352309800163761,734000
2039,Luxembourg,9.384174206962742,739000
2040,Luxembourg,9.42318733523126,743000
2041,Luxembourg,9.479200316505482,748000
2042,Luxembourg,9.521676968134631,752000
2043,Luxembourg,9.565791978314977,757000
2044,Luxembourg,9.591715997480222,761000
2045,Luxembourg,9.623314029228293,765000
2046,Luxembourg,9.67147007921601,769000
2047,Luxembourg,9.714726515919022,773000
2048,Luxembourg,9.749414227666223,777000
2049,Luxembourg,9.78403806625811,781000
2050,Luxembourg,9.814596945024661,784000
2022,Latvia,3.8117021260209585,1866000
2023,Latvia,3.8390897418989396,1849000
2024,Latvia,3.8809557030004638,1832000
2025,Latvia,3.9538363960683536,1816000
2026,Latvia,4.016057023573064,1800000
2027,Latvia,4.057755267134295,1784000
2028,Latvia,4.110522175357236,1769000
2029,Latvia,4.149039177913079,1754000
2030,Latvia,4.17822268044699,1739000
2031,Latvia,4.2124437066378455,1725000
2032,Latvia,4.274366567898266,1710000
2033,Latvia,4.30824651189209,1696000
2034,Latvia,4.317179169872496,1682000
2035,Latvia,4.35945592460228,1668000
2036,Latvia,4.404177843661066,1655000
2037,Latvia,4.482510102011328,1642000
2038,Latvia,4.54273472656142,1629000
2039,Latvia,4.586378445000552,1617000
2040,Latvia,4.6530906366472,1605000
2041,Latvia,4.751279348167945,1593000
2042,Latvia,4.820988749032979,1582000
2043,Latvia,4.90468911774867,1571000
2044,Latvia,4.940238749771789,1560000
2045,Latvia,4.975228152448277,1550000
2046,Latvia,5.039054277177634,1540000
2047,Latvia,5.088423211197256,1530000
2048,Latvia,5.152919097516939,1521000
2049,Latvia,5.211132443572707,1512000
2050,Latvia,5.244939160764773,1503000
2022,Morocco,13.283423135478872,37773000
2023,Morocco,13.313541705255679,38194000
2024,Morocco,13.350528977642018,38606000
2025,Morocco,13.374100014516324,39010000
2026,Morocco,13.406141452556986,39404000
2027,Morocco,13.417058159104672,39789000
2028,Morocco,13.440028920020845,40164000
2029,Morocco,13.462799764911427,40530000
2030,Morocco,13.483124823641193,40887000
2031,Morocco,13.503331327245753,41236000
2032,Morocco,13.538230343971984,41576000
2033,Morocco,13.558962539976218,41906000
2034,Morocco,13.587259178150848,42228000
2035,Morocco,13.613804490724018,42541000
2036,Morocco,13.650412217707835,42845000
2037,Morocco,13.683705154100027,43141000
2038,Morocco,13.709836904408796,43427000
2039,Morocco,13.74118527506102,43705000
2040,Morocco,13.784066455607759,43973000
2041,Morocco,13.820754017330394,44233000
2042,Morocco,13.865921648299656,44483000
2043,Morocco,13.902870677740847,44725000
2044,Morocco,13.94284426832078,44958000
2045,Morocco,13.989973061047875,45182000
2046,Morocco,14.030109355163944,45396000
2047,Morocco,14.080058100005113,45602000
2048,Morocco,14.117558841000843,45799000
2049,Morocco,14.169547508812762,45987000
2050,Morocco,14.214490673417867,46165000
2022,North Macedonia,7.130105506503459,2063000
2023,North Macedonia,7.165982986936209,2061000
2024,North Macedonia,7.195578776120519,2059000
2025,North Macedonia,7.258436642783881,2056000
2026,North Macedonia,7.302965222387823,2052000
2027,North Macedonia,7.340604545546182,2048000
2028,North Macedonia,7.379739561868838,2044000
2029,North Macedonia,7.421057154971761,2038000
2030,North Macedonia,7.4410940977783575,2032000
2031,North Macedonia,7.462618345684704,2026000
2032,North Macedonia,7.50954407108775,2019000
2033,North Macedonia,7.538538743973368,2011000
2034,North Macedonia,7.540415007100954,2003000
2035,North Macedonia,7.568409484361339,1994000
2036,North Macedonia,7.606095110688703,1985000
2037,North Macedonia,7.670210919977153,1976000
2038,North Macedonia,7.714791494470277,1966000
2039,North Macedonia,7.75727599140492,1956000
2040,North Macedonia,7.812351540110254,1945000
2041,North Macedonia,7.883701805584569,1935000
2042,North Macedonia,7.941707021755249,1924000
2043,North Macedonia,8.016130832198037,1914000
2044,North Macedonia,8.052397750088753,1903000
2045,North Macedonia,8.09027630094491,1892000
2046,North Macedonia,8.149188302292945,1881000
2047,North Macedonia,8.199867064507139,1870000
2048,North Macedonia,8.252496857906914,1859000
2049,North Macedonia,8.302152005419899,1847000
2050,North Macedonia,8.34153536065941,1836000
2022,Mali,14.28878542317195,21474000
2023,Mali,14.321071643101813,22106000
2024,Mali,14.360084698670288,22753000
2025,Mali,14.382501443324673,23416000
2026,Mali,14.415344876914832,24095000
2027,Mali,14.429998313142228,24789000
2028,Mali,14.452146237858472,25498000
2029,Mali,14.480515346610101,26221000
2030,Mali,14.501780247740307,26957000
2031,Mali,14.51995540324523,27706000
2032,Mali,14.553606783186911,28467000
2033,Mali,14.571233630061622,29239000
2034,Mali,14.597520453734143,30024000
2035,Mali,14.622647931221547,30819000
2036,Mali,14.661683463801623,31625000
2037,Mali,14.698945303757448,32442000
2038,Mali,14.726008627596013,33267000
2039,Mali,14.757647706458949,34099000
2040,Mali,14.801223124793724,34939000
2041,Mali,14.836380818767651,35783000
2042,Mali,14.883507090288402,36633000
2043,Mali,14.924506443613412,37489000
2044,Mali,14.965382160035782,38348000
2045,Mali,15.014023751898385,39213000
2046,Mali,15.055005744444957,40081000
2047,Mali,15.102450827431463,40952000
2048,Mali,15.140115081095605,41827000
2049,Mali,15.19251511769072,42705000
2050,Mali,15.236782205651744,43586000
2022,Malta,8.433059139443156,518000
2023,Malta,8.467454981667283,519000
2024,Malta,8.499749998324914,520000
2025,Malta,8.550108580629573,521000
2026,Malta,8.586937293155591,521000
2027,Malta,8.611411823935015,521000
2028,Malta,8.643681014803398,521000
2029,Malta,8.673877502994063,521000
2030,Malta,8.688208456905404,520000
2031,Malta,8.706710577983667,520000
2032,Malta,8.747895707270583,519000
2033,Malta,8.768183645582656,518000
2034,Malta,8.773166724968485,516000
2035,Malta,8.798097290116885,515000
2036,Malta,8.838654451514387,514000
2037,Malta,8.894087841834825,512000
2038,Malta,8.93370346837909,511000
2039,Malta,8.972858294567743,509000
2040,Malta,9.022376375237522,507000
2041,Malta,9.088629209146939,506000
2042,Malta,9.139977635057543,504000
2043,Malta,9.199791400478668,502000
2044,Malta,9.231219682525412,500000
2045,Malta,9.27053963235204,499000
2046,Malta,9.328869073573342,497000
2047,Malta,9.375117509733558,496000
2048,Malta,9.419525602434694,494000
2049,Malta,9.464113825660595,493000
2050,Malta,9.497616698379897,491000
2022,Montenegro,6.806911064571407,620000
2023,Montenegro,6.843631335009356,620000
2024,Montenegro,6.875215535322501,619000
2025,Montenegro,6.935306094065304,619000
2026,Montenegro,6.97882643274222,619000
2027,Montenegro,7.014950608569443,618000
2028,Montenegro,7.052641997608513,618000
2029,Montenegro,7.09190643486108,617000
2030,Montenegro,7.110091050127488,616000
2031,Montenegro,7.1307996488782255,615000
2032,Montenegro,7.176166485093444,614000
2033,Montenegro,7.201143416290382,612000
2034,Montenegro,7.204566739447951,611000
2035,Montenegro,7.231424638665053,610000
2036,Montenegro,7.2710660014611435,608000
2037,Montenegro,7.3352389457220175,606000
2038,Montenegro,7.379114763750187,604000
2039,Montenegro,7.42024220356468,602000
2040,Montenegro,7.476301299396571,600000
2041,Montenegro,7.545613406992261,599000
2042,Montenegro,7.603663317425509,597000
2043,Montenegro,7.675342019292129,595000
2044,Montenegro,7.70852522573617,592000
2045,Montenegro,7.747430539532584,590000
2046,Montenegro,7.80931471743714,588000
2047,Montenegro,7.860247176237181,586000
2048,Montenegro,7.909791894726927,584000
2049,Montenegro,7.958626823890591,582000
2050,Montenegro,7.99709689787117,580000
2022,Mauritania,13.077074496669725,4902000
2023,Mauritania,13.10612813403833,5030000
2024,Mauritania,13.142156392748172,5160000
2025,Mauritania,13.166271408777082,5291000
2026,Mauritania,13.197655020152101,5423000
2027,Mauritania,13.205579180822532,5557000
2028,Mauritania,13.228691638282251,5692000
2029,Mauritania,13.247136866620613,5829000
2030,Mauritania,13.2682159947092,5967000
2031,Mauritania,13.290533360041616,6107000
2032,Mauritania,13.325054181784594,6248000
2033,Mauritania,13.347546824797803,6391000
2034,Mauritania,13.377655966379,6535000
2035,Mauritania,13.406436921490993,6681000
2036,Mauritania,13.441738786992866,6828000
2037,Mauritania,13.473448215742717,6977000
2038,Mauritania,13.497837419249503,7127000
2039,Mauritania,13.529759397877678,7279000
2040,Mauritania,13.573753806013736,7432000
2041,Mauritania,13.610664495105214,7586000
2042,Mauritania,13.654943625356896,7742000
2043,Mauritania,13.689631639469312,7899000
2044,Mauritania,13.73042795036514,8056000
2045,Mauritania,13.77728326885482,8215000
2046,Mauritania,13.817128174146914,8376000
2047,Mauritania,13.869415952725161,8537000
2048,Mauritania,13.907167822684896,8699000
2049,Mauritania,13.959800222533588,8861000
2050,Mauritania,14.005458416764254,9025000
2022,Niger,13.203705239455937,26084000
2023,Niger,13.236566731725103,27066000
2024,Niger,13.273417745053198,28080000
2025,Niger,13.304792761835374,29126000
2026,Niger,13.335918950153003,30204000
2027,Niger,13.35793336885368,31315000
2028,Niger,13.384758128646917,32458000
2029,Niger,13.419988974071789,33636000
2030,Niger,13.440200715960842,34846000
2031,Niger,13.460125306463034,36090000
2032,Niger,13.494839417612878,37367000
2033,Niger,13.513732576337132,38678000
2034,Niger,13.532382765476594,40021000
2035,Niger,13.556832679006659,41396000
2036,Niger,13.598661379075141,42804000
2037,Niger,13.645346743231624,44243000
2038,Niger,13.678535051029352,45713000
2039,Niger,13.716909786662985,47214000
2040,Niger,13.762334890164036,48746000
2041,Niger,13.80986792946244,50307000
2042,Niger,13.859850372660624,51897000
2043,Niger,13.912497211243464,53516000
2044,Niger,13.949418078638491,55163000
2045,Niger,13.99644170421944,56837000
2046,Niger,14.045178718163323,58538000
2047,Niger,14.090292690547376,60264000
2048,Niger,14.130407755625345,62016000
2049,Niger,14.177461379652144,63792000
2050,Niger,14.218267843778365,65593000
2022,Nigeria,15.358794117931838,216747000
2023,Nigeria,15.394520981334834,222182000
2024,Nigeria,15.436683784722733,227713000
2025,Nigeria,15.458890506541488,233343000
2026,Nigeria,15.490967403849409,239073000
2027,Nigeria,15.515175142962747,244902000
2028,Nigeria,15.53836882688259,250830000
2029,Nigeria,15.58001737446892,256855000
2030,Nigeria,15.60495050665018,262977000
2031,Nigeria,15.625024477175014,269195000
2032,Nigeria,15.657148632658048,275508000
2033,Nigeria,15.674504812814574,281912000
2034,Nigeria,15.699349134124962,288406000
2035,Nigeria,15.724839343242289,294986000
2036,Nigeria,15.767870334563108,301650000
2037,Nigeria,15.815089410795403,308394000
2038,Nigeria,15.846728982961295,315215000
2039,Nigeria,15.882718693217099,322107000
2040,Nigeria,15.92823335564537,329067000
2041,Nigeria,15.96621256684989,336090000
2042,Nigeria,16.018009445865886,343173000
2043,Nigeria,16.07025706433716,350309000
2044,Nigeria,16.1105837752101,357491000
2045,Nigeria,16.162064201615372,364712000
2046,Nigeria,16.206196822696846,371967000
2047,Nigeria,16.251317168539558,379254000
2048,Nigeria,16.290577089901177,386573000
2049,Nigeria,16.342967178293698,393926000
2050,Nigeria,16.387178982287327,401315000
2022,Netherlands,8.465190617982726,17567000
2023,Netherlands,8.480962932756732,17601000
2024,Netherlands,8.510069019356996,17633000
2025,Netherlands,8.553172154697622,17663000
2026,Netherlands,8.577792536319077,17689000
2027,Netherlands,8.582949907342275,17712000
2028,Netherlands,8.61641899103956,17731000
2029,Netherlands,8.62939899916492,17747000
2030,Netherlands,8.630674996117317,17759000
2031,Netherlands,8.645636864718854,17767000
2032,Netherlands,8.676405009496406,17773000
2033,Netherlands,8.692493162537087,17775000
2034,Netherlands,8.696429272831509,17776000
2035,Netherlands,8.712771544468815,17774000
2036,Netherlands,8.74937691244969,17769000
2037,Netherlands,8.78763665894202,17761000
2038,Netherlands,8.81942712053153,17751000
2039,Netherlands,8.852226920830208,17736000
2040,Netherlands,8.892459110881012,17719000
2041,Netherlands,8.95085891044724,17698000
2042,Netherlands,8.994461192764318,17674000
2043,Netherlands,9.040204994869464,17647000
2044,Netherlands,9.065738318564106,17617000
2045,Netherlands,9.099819927991813,17584000
2046,Netherlands,9.150590114014365,17549000
2047,Netherlands,9.193786636680324,17512000
2048,Netherlands,9.229278666597313,17474000
2049,Netherlands,9.265046901357874,17434000
2050,Netherlands,9.295665088303627,17392000
2022,Norway,3.3481677977336965,5454000
2023,Norway,3.3750939817277827,5500000
2024,Norway,3.4150596111880565,5546000
2025,Norway,3.483793723274509,5591000
2026,Norway,3.5407622632828404,5635000
2027,Norway,3.5767338024026882,5678000
2028,Norway,3.6279307434323016,5721000
2029,Norway,3.6578685340308565,5762000
2030,Norway,3.682730635050672,5803000
2031,Norway,3.716560743326135,5843000
2032,Norway,3.7735522391717664,5882000
2033,Norway,3.8035736129072286,5921000
2034,Norway,3.8155609695608215,5960000
2035,Norway,3.8543507518528255,5998000
2036,Norway,3.8996186814854106,6035000
2037,Norway,3.972191860326053,6072000
2038,Norway,4.029851798464101,6109000
2039,Norway,4.071935438070171,6145000
2040,Norway,4.137148406438638,6180000
2041,Norway,4.2329386025108695,6214000
2042,Norway,4.299923255421714,6248000
2043,Norway,4.374960898492892,6281000
2044,Norway,4.406236896861006,6313000
2045,Norway,4.442850699016116,6345000
2046,Norway,4.509314883664871,6376000
2047,Norway,4.559006001317324,6406000
2048,Norway,4.616930367764095,6436000
2049,Norway,4.67148303224713,6465000
2050,Norway,4.703987421256961,6492000
2022,Poland,5.293405259692215,37716000
2023,Poland,5.322876784974446,37647000
2024,Poland,5.3567700790607224,37569000
2025,Poland,5.422212904082862,37482000
2026,Poland,5.470419882489222,37383000
2027,Poland,5.502130317571646,37272000
2028,Poland,5.545833455477588,37149000
2029,Poland,5.576825424300035,37013000
2030,Poland,5.590514600680235,36866000
2031,Poland,5.615496431862963,36708000
2032,Poland,5.664737467704452,36540000
2033,Poland,5.692223118310955,36365000
2034,Poland,5.694328021343329,36182000
2035,Poland,5.72506576550063,35993000
2036,Poland,5.768768354967483,35800000
2037,Poland,5.8350803803022115,35603000
2038,Poland,5.883413327589672,35403000
2039,Poland,5.923806891349043,35202000
2040,Poland,5.981499181319927,35001000
2041,Poland,6.063145572775751,34800000
2042,Poland,6.1246404054027686,34602000
2043,Poland,6.197230594852262,34406000
2044,Poland,6.228560500143287,34213000
2045,Poland,6.264874099373169,34024000
2046,Poland,6.325863998775985,33839000
2047,Poland,6.374749096527947,33655000
2048,Poland,6.426196359144888,33473000
2049,Poland,6.47720292453547,33291000
2050,Poland,6.5109435582761455,33103000
2022,Portugal,10.316665496968897,10267000
2023,Portugal,10.337495045963138,10236000
2024,Portugal,10.367853021280377,10205000
2025,Portugal,10.393937071073792,10174000
2026,Portugal,10.420343301830677,10143000
2027,Portugal,10.430965951119317,10111000
2028,Portugal,10.461167751963877,10078000
2029,Portugal,10.478999424319252,10045000
2030,Portugal,10.500798429207173,10011000
2031,Portugal,10.533883567340043,9976000
2032,Portugal,10.566844852661973,9941000
2033,Portugal,10.59823467273882,9905000
2034,Portugal,10.63363845128185,9869000
2035,Portugal,10.666453220421614,9831000
2036,Portugal,10.699275905751005,9793000
2037,Portugal,10.730035625299521,9755000
2038,Portugal,10.758172013560731,9715000
2039,Portugal,10.794298547671549,9674000
2040,Portugal,10.838257165889342,9631000
2041,Portugal,10.88145763056833,9588000
2042,Portugal,10.925586017374414,9543000
2043,Portugal,10.963415814475178,9496000
2044,Portugal,10.998103707828923,9448000
2045,Portugal,11.044534160168746,9399000
2046,Portugal,11.083003771465535,9348000
2047,Portugal,11.140963831063472,9296000
2048,Portugal,11.178569506385402,9242000
2049,Portugal,11.227743054236111,9188000
2050,Portugal,11.276027639397846,9131000
2022,Romania,6.385602015690541,19025000
2023,Romania,6.416341582218538,18944000
2024,Romania,6.447608767502454,18865000
2025,Romania,6.513622749636362,18781000
2026,Romania,6.5649287609849045,18693000
2027,Romania,6.608435076825046,18600000
2028,Romania,6.655434740223194,18505000
2029,Romania,6.699103785885455,18407000
2030,Romania,6.721850571352784,18309000
2031,Romania,6.748045750765625,18209000
2032,Romania,6.802259353764162,18107000
2033,Romania,6.837539098598815,18005000
2034,Romania,6.840879161532631,17900000
2035,Romania,6.870947194005989,17795000
2036,Romania,6.909739800173141,17689000
2037,Romania,6.9770217132268435,17582000
2038,Romania,7.02487823056788,17477000
2039,Romania,7.067728756099905,17371000
2040,Romania,7.124922544094689,17268000
2041,Romania,7.2026238879828375,17165000
2042,Romania,7.264309710302308,17064000
2043,Romania,7.344793742943055,16964000
2044,Romania,7.384160102965782,16866000
2045,Romania,7.419948498648835,16768000
2046,Romania,7.476069589809656,16670000
2047,Romania,7.525328012900197,16572000
2048,Romania,7.582362713790735,16470000
2049,Romania,7.636188919470682,16366000
2050,Romania,7.67777220843951,16257000
2022,Russian Federation,6.598639645556686,143296000
2023,Russian Federation,6.6287457665236325,143110000
2024,Russian Federation,6.6585804027540725,142889000
2025,Russian Federation,6.723210829171382,142636000
2026,Russian Federation,6.774661629119957,142348000
2027,Russian Federation,6.8215708034743665,142026000
2028,Russian Federation,6.86937903451574,141671000
2029,Russian Federation,6.915738410499936,141282000
2030,Russian Federation,6.940228462715568,140864000
2031,Russian Federation,6.967741186178092,140419000
2032,Russian Federation,7.023670631093286,139954000
2033,Russian Federation,7.061192105609832,139474000
2034,Russian Federation,7.066656682607617,138986000
2035,Russian Federation,7.095496611333579,138495000
2036,Russian Federation,7.132796804731157,138007000
2037,Russian Federation,7.197820656402663,137529000
2038,Russian Federation,7.244337174445113,137066000
2039,Russian Federation,7.288686011833716,136622000
2040,Russian Federation,7.343903012788979,136200000
2041,Russian Federation,7.419963373051923,135801000
2042,Russian Federation,7.480258296853971,135426000
2043,Russian Federation,7.562525788291988,135076000
2044,Russian Federation,7.60456343370409,134749000
2045,Russian Federation,7.64047143360035,134443000
2046,Russian Federation,7.694805414683467,134157000
2047,Russian Federation,7.744116035928068,133889000
2048,Russian Federation,7.803776568331076,133637000
2049,Russian Federation,7.857483242037858,133399000
2050,Russian Federation,7.902820832041992,133152000
2022,Senegal,2.4096343557238087,17654000
2023,Senegal,2.417893505036546,18117000
2024,Senegal,2.445644026316258,18586000
2025,Senegal,2.482320849724669,19062000
2026,Senegal,2.503083122473396,19546000
2027,Senegal,2.528847347221804,20036000
2028,Senegal,2.5791731915681537,20534000
2029,Senegal,2.6033822704661214,21039000
2030,Senegal,2.630948592326371,21551000
2031,Senegal,2.6987548536435115,22072000
2032,Senegal,2.744602699731154,22599000
2033,Senegal,2.806909949844027,23134000
2034,Senegal,2.8686302626852136,23677000
2035,Senegal,2.9211297854951845,24228000
2036,Senegal,2.956244880620113,24786000
2037,Senegal,3.00148773246606,25352000
2038,Senegal,3.0533378064659566,25924000
2039,Senegal,3.110373922724737,26503000
2040,Senegal,3.170631006167392,27088000
2041,Senegal,3.248024988831941,27678000
2042,Senegal,3.3044034003598504,28273000
2043,Senegal,3.3593344110492174,28874000
2044,Senegal,3.386713174753389,29478000
2045,Senegal,3.4422804882707267,30088000
2046,Senegal,3.485436516222415,30701000
2047,Senegal,3.564870043968012,31318000
2048,Senegal,3.6108618692689585,31938000
2049,Senegal,3.6610998403854036,32561000
2050,Senegal,3.721308842044219,33187000
2022,Sierra Leone,10.980702340602875,8306000
2023,Sierra Leone,10.983191728591919,8472000
2024,Sierra Leone,10.992730498313904,8639000
2025,Sierra Leone,11.00436669588089,8806000
2026,Sierra Leone,10.999746322631836,8974000
2027,Sierra Leone,10.985330820083618,9142000
2028,Sierra Leone,10.996050357818604,9310000
2029,Sierra Leone,10.997532308101654,9479000
2030,Sierra Leone,10.99684226512909,9649000
2031,Sierra Leone,11.006361901760101,9818000
2032,Sierra Leone,11.025071144104004,9988000
2033,Sierra Leone,11.034365832805634,10158000
2034,Sierra Leone,11.046777486801147,10328000
2035,Sierra Leone,11.043246924877167,10498000
2036,Sierra Leone,11.044745981693268,10667000
2037,Sierra Leone,11.041680335998535,10836000
2038,Sierra Leone,11.034296810626984,11004000
2039,Sierra Leone,11.036576449871063,11172000
2040,Sierra Leone,11.0490061044693,11339000
2041,Sierra Leone,11.071211516857147,11505000
2042,Sierra Leone,11.094350039958954,11671000
2043,Sierra Leone,11.093265950679779,11835000
2044,Sierra Leone,11.107749223709106,11999000
2045,Sierra Leone,11.133631825447083,12161000
2046,Sierra Leone,11.159586310386658,12321000
2047,Sierra Leone,11.199024319648743,12480000
2048,Sierra Leone,11.217528760433197,12637000
2049,Sierra Leone,11.248826682567596,12792000
2050,Sierra Leone,11.27905523777008,12945000
2022,San Marino,7.3808839940218745,34000
2023,San Marino,7.412595603384284,34000
2024,San Marino,7.444915855847369,34000
2025,San Marino,7.49676520146267,34000
2026,San Marino,7.532568558407698,34000
2027,San Marino,7.550843997091973,34000
2028,San Marino,7.5835550324579275,34000
2029,San Marino,7.608542057364127,34000
2030,San Marino,7.616997319380789,34000
2031,San Marino,7.63342060590477,34000
2032,San Marino,7.674126850490547,34000
2033,San Marino,7.692629091099591,34000
2034,San Marino,7.6933883868108355,34000
2035,San Marino,7.715653291450145,34000
2036,San Marino,7.756319898782318,34000
2037,San Marino,7.8098210935044055,34000
2038,San Marino,7.847542035830226,34000
2039,San Marino,7.885871177753508,34000
2040,San Marino,7.9350130021308365,34000
2041,San Marino,8.002638739030967,34000
2042,San Marino,8.053634314674198,34000
2043,San Marino,8.11223790286917,34000
2044,San Marino,8.143486782249097,34000
2045,San Marino,8.181050966271266,34000
2046,San Marino,8.238762505286566,34000
2047,San Marino,8.284524548370232,34000
2048,San Marino,8.327334388431195,34000
2049,San Marino,8.36852190135855,34000
2050,San Marino,8.400600964516663,34000
2022,Serbia,6.823218650514799,6805000
2023,Serbia,6.858603927251621,6765000
2024,Serbia,6.889234860784088,6724000
2025,Serbia,6.951943841860545,6684000
2026,Serbia,6.996793029739728,6642000
2027,Serbia,7.03368140491596,6600000
2028,Serbia,7.072955252414569,6556000
2029,Serbia,7.113277051819295,6512000
2030,Serbia,7.1320793477869655,6465000
2031,Serbia,7.153739316586764,6418000
2032,Serbia,7.200625880486873,6370000
2033,Serbia,7.228303317081921,6320000
2034,Serbia,7.2301884243181185,6270000
2035,Serbia,7.258216575467622,6220000
2036,Serbia,7.297174298759513,6170000
2037,Serbia,7.362136901723049,6120000
2038,Serbia,7.407038369883998,6070000
2039,Serbia,7.44898750315508,6020000
2040,Serbia,7.5050539827691685,5971000
2041,Serbia,7.576621111784594,5922000
2042,Serbia,7.635198881890156,5873000
2043,Serbia,7.709181491277846,5824000
2044,Serbia,7.744154702147173,5776000
2045,Serbia,7.78198339699438,5727000
2046,Serbia,7.841961418538365,5678000
2047,Serbia,7.892467472564638,5630000
2048,Serbia,7.943823925487489,5581000
2049,Serbia,7.993401492407858,5532000
2050,Serbia,8.032176896914745,5482000
2022,Slovenia,6.299168886310405,2105000
2023,Slovenia,6.332018066054827,2104000
2024,Slovenia,6.364769070680776,2101000
2025,Slovenia,6.4219896559345475,2098000
2026,Slovenia,6.463278485874953,2095000
2027,Slovenia,6.487803440081593,2091000
2028,Slovenia,6.525155616398871,2088000
2029,Slovenia,6.552755349895338,2083000
2030,Slovenia,6.5630224403713004,2079000
2031,Slovenia,6.582328041932862,2074000
2032,Slovenia,6.626694906613929,2068000
2033,Slovenia,6.648675666691619,2063000
2034,Slovenia,6.6499488890185345,2057000
2035,Slovenia,6.675153366618175,2051000
2036,Slovenia,6.718606042980199,2044000
2037,Slovenia,6.777169375066658,2037000
2038,Slovenia,6.818616624724018,2031000
2039,Slovenia,6.857466687725917,2024000
2040,Slovenia,6.911073781799168,2017000
2041,Slovenia,6.985419262719962,2011000
2042,Slovenia,7.040699005826074,2004000
2043,Slovenia,7.104707081343142,1998000
2044,Slovenia,7.134550650701596,1991000
2045,Slovenia,7.172142875450812,1985000
2046,Slovenia,7.232680442259678,1978000
2047,Slovenia,7.280735863826877,1971000
2048,Slovenia,7.326458504599733,1964000
2049,Slovenia,7.372228079656616,1957000
2050,Slovenia,7.404228260446789,1949000
2022,Sweden,3.8071918625908956,10472000
2023,Sweden,3.8348325515815196,10526000
2024,Sweden,3.8716880691271625,10578000
2025,Sweden,3.939111147153709,10629000
2026,Sweden,3.9917417632036627,10678000
2027,Sweden,4.022018506032795,10725000
2028,Sweden,4.068890579676385,10769000
2029,Sweden,4.092827708941028,10810000
2030,Sweden,4.109602600842156,10849000
2031,Sweden,4.140126251769946,10886000
2032,Sweden,4.190671214232215,10921000
2033,Sweden,4.217761824952741,10956000
2034,Sweden,4.225518078588284,10991000
2035,Sweden,4.260759863960252,11027000
2036,Sweden,4.305637436614062,11063000
2037,Sweden,4.374294117352867,11099000
2038,Sweden,4.429838191859561,11135000
2039,Sweden,4.469623398361106,11172000
2040,Sweden,4.531896099430676,11210000
2041,Sweden,4.625403831674442,11247000
2042,Sweden,4.690293120655599,11285000
2043,Sweden,4.76157163300119,11322000
2044,Sweden,4.790415742446815,11360000
2045,Sweden,4.826695105772,11397000
2046,Sweden,4.891809539366419,11434000
2047,Sweden,4.94141216502212,11471000
2048,Sweden,4.994210512058696,11507000
2049,Sweden,5.046566870410892,11542000
2050,Sweden,5.077167499517181,11575000
2022,Togo,15.038264729120163,8681000
2023,Togo,15.071849288030874,8887000
2024,Togo,15.11397447827676,9096000
2025,Togo,15.135371424508632,9308000
2026,Togo,15.169804864419962,9524000
2027,Togo,15.191392471466939,9744000
2028,Togo,15.214677878463753,9967000
2029,Togo,15.25112006532816,10193000
2030,Togo,15.274072852184286,10422000
2031,Togo,15.292608639309314,10654000
2032,Togo,15.32542179025241,10889000
2033,Togo,15.34035623325841,11126000
2034,Togo,15.366684098108747,11367000
2035,Togo,15.39173652248119,11609000
2036,Togo,15.435497345760888,11853000
2037,Togo,15.480745456257752,12100000
2038,Togo,15.511539104052252,12348000
2039,Togo,15.545530876779296,12598000
2040,Togo,15.593273588086568,12850000
2041,Togo,15.628763441321688,13102000
2042,Togo,15.680711595703105,13356000
2043,Togo,15.729278486567274,13611000
2044,Togo,15.771410534030093,13867000
2045,Togo,15.824480640195326,14123000
2046,Togo,15.867006202817262,14380000
2047,Togo,15.913236272672709,14638000
2048,Togo,15.951617821353805,14897000
2049,Togo,16.0053336665099,15156000
2050,Togo,16.049985469044763,15416000
2022,Tunisia,11.671645680577024,12047000
2023,Tunisia,11.70394283696013,12152000
2024,Tunisia,11.737196455114857,12251000
2025,Tunisia,11.775690766984766,12347000
2026,Tunisia,11.806821598318086,12438000
2027,Tunisia,11.828387191978159,12523000
2028,Tunisia,11.85698880606258,12605000
2029,Tunisia,11.889183902716814,12682000
2030,Tunisia,11.906490607400292,12756000
2031,Tunisia,11.9263105473717,12826000
2032,Tunisia,11.963371141707073,12893000
2033,Tunisia,11.983366440887348,12957000
2034,Tunisia,11.996913944985069,13018000
2035,Tunisia,12.020959123871855,13078000
2036,Tunisia,12.061592482121782,13136000
2037,Tunisia,12.108995363573925,13192000
2038,Tunisia,12.143608713688518,13247000
2039,Tunisia,12.184264393862845,13301000
2040,Tunisia,12.229469584885475,13353000
2041,Tunisia,12.283960531061126,13405000
2042,Tunisia,12.332500661201731,13455000
2043,Tunisia,12.386310289059086,13504000
2044,Tunisia,12.421140208385289,13552000
2045,Tunisia,12.464441864284371,13598000
2046,Tunisia,12.516393018404244,13642000
2047,Tunisia,12.560900816786761,13684000
2048,Tunisia,12.601719896110795,13724000
2049,Tunisia,12.64505731925313,13762000
2050,Tunisia,12.682972667060826,13797000
2022,Ukraine,6.138773975041913,43526000
2023,Ukraine,6.166308998623402,43238000
2024,Ukraine,6.196938821697794,42950000
2025,Ukraine,6.263226275673563,42661000
2026,Ukraine,6.317331085843268,42371000
2027,Ukraine,6.36522409494259,42080000
2028,Ukraine,6.415761903082754,41788000
2029,Ukraine,6.462109936715381,41493000
2030,Ukraine,6.4866356819806255,41195000
2031,Ukraine,6.515832478221306,40896000
2032,Ukraine,6.574938282076756,40595000
2033,Ukraine,6.614597697055719,40294000
2034,Ukraine,6.620146929696142,39992000
2035,Ukraine,6.6503532187444145,39692000
2036,Ukraine,6.688699529479651,39392000
2037,Ukraine,6.755637782248998,39095000
2038,Ukraine,6.803230160544649,38800000
2039,Ukraine,6.848138268107434,38509000
2040,Ukraine,6.904353202558151,38220000
2041,Ukraine,6.983555299895534,37934000
2042,Ukraine,7.045070480953014,37650000
2043,Ukraine,7.130095853904843,37368000
2044,Ukraine,7.172581943739302,37089000
2045,Ukraine,7.207079336859008,36811000
2046,Ukraine,7.260641884226509,36534000
2047,Ukraine,7.309074716726634,36258000
2048,Ukraine,7.370410442909997,35983000
2049,Ukraine,7.425394323411679,35709000
2050,Ukraine,7.470952922734139,35428000
